joint2_to_joint1,joint3_to_joint2,joint4_to_joint3,joint5_to_joint4,joint6_to_joint5,joint6output_to_joint6,joint2_to_joint1_vel,joint3_to_joint2_vel,joint4_to_joint3_vel,joint5_to_joint4_vel,joint6_to_joint5_vel,joint6output_to_joint6_vel
-0.0004613180000001549,-0.0004613180000001549,-0.0004613180000001549,-0.0004613180000001549,-0.0004613180000001549,-0.0004613180000001549,0.0,0.0,0.0,0.0,0.0,0.0
-0.05155125688137018,-0.03740803456709377,0.019934276709495893,0.005974723142285489,0.02079398450451756,-0.04763167152700429,-0.27329956555140034,-0.1976420760608793,0.1091038136923728,0.03442883836956425,0.1137027185261825,-0.2523322088086728
-0.10264119576274021,-0.07435475113418738,0.04032987141899194,0.012410764284571133,0.04204928700903528,-0.09480202505400842,-0.4455146957652623,-0.32218291020340895,0.17785374911196336,0.05612359251585797,0.18535057657216936,-0.41133511139090984
-0.15373113464411023,-0.11130146770128099,0.06072546612848799,0.018846805426856777,0.06330458951355299,-0.14197237858101255,-0.547284724653958,-0.3957799528835026,0.21848132292071637,0.06894404420009534,0.22769066930443,-0.5052974128976692
-0.20482107352548026,-0.1482481842683746,0.08112106083798404,0.025282846569142422,0.08455989201807071,-0.1891427321080167,-0.6280140948476338,-0.4541610201639208,0.2507092635226083,0.07911390463315937,0.2612770705027193,-0.579833280730478
-0.25591101240685027,-0.18519490083546822,0.10151665554748009,0.03171888771142806,0.10581519452258842,-0.23631308563502082,-0.6961536065268926,-0.5034374781154444,0.27791121158404763,0.08769776106722688,0.28962562532514236,-0.642745175429184
-0.3070009512882203,-0.22214161740256183,0.12191225025697613,0.03815492885371371,0.12707049702710613,-0.28348343916202495,-0.7535362741324785,-0.5449349079873056,0.30081892408984645,0.09492652699746609,0.31349893551455194,-0.6957254838136406
-0.35809089016959034,-0.25908833396965547,0.1423078449664722,0.044590969995999354,0.14832579953162386,-0.33065379268902906,-0.803754179017226,-0.5812509956357601,0.3208663944453612,0.10125271389442242,0.33439143965214513,-0.7420907051989964
-0.40918082905096037,-0.29603505053674906,0.16270343967596823,0.051027011138285,0.16958110203614157,-0.3778241462160332,-0.8575945701529111,-0.6201867570538852,0.34235999613382595,0.10803524251068543,0.3567910319321005,-0.7918004981545046
-0.46027076793233035,-0.33298176710384264,0.18309903438546427,0.05746305228057064,0.19083640454065925,-0.4249944997430373,-0.9100836399861445,-0.6581452833011352,0.3633141373686171,0.11464753879374442,0.37862842461477153,-0.8402626422585774
-0.5113607068137004,-0.3699284836709363,0.20349462909496033,0.06389909342285628,0.212091707045177,-0.4721648532700415,-0.9516541013173898,-0.6882077982697896,0.37990946513300433,0.11988436634315555,0.3959232726845582,-0.8786438460769777
-0.5624506456950704,-0.40687520023802987,0.22389022380445636,0.07033513456514193,0.2333470095496947,-0.5193352067970456,-0.9852950739638222,-0.7125359440578505,0.3933392647912708,0.12412227871415463,0.40991916044254595,-0.9097039061880132
-0.6135405845764405,-0.4438219168051235,0.24428581851395242,0.07677117570742757,0.2546023120542124,-0.5665055603240498,-1.0,-0.7231701069927536,0.39920961261774596,0.12597472776841684,0.41603695306569405,-0.9232806803024929
-0.6646305234578105,-0.4807686333722171,0.26468141322344846,0.08320721684971322,0.27585761455873015,-0.6136759138510538,-1.0,-0.7231701069927542,0.39920961261774623,0.12597472776841684,0.4160369530656943,-0.9232806803024929
-0.7157204623391805,-0.5177153499393108,0.28507700793294455,0.08964325799199886,0.2971129170632479,-0.660846267378058,-1.0,-0.7231701069927539,0.3992096126177461,0.12597472776841684,0.4160369530656942,-0.9232806803024949
-0.7668104012205504,-0.5546620665064043,0.3054726026424405,0.0960792991342845,0.31836821956776556,-0.7080166209050621,-1.0,-0.7231701069927532,0.3992096126177457,0.12597472776841684,0.41603695306569377,-0.923280680302494
-0.8179003401019206,-0.591608783073498,0.3258681973519366,0.10251534027657015,0.3396235220722833,-0.7551869744320663,-1.0,-0.7231701069927542,0.39920961261774623,0.12597472776841684,0.41603695306569377,-0.9232806803024929
-0.8689902789832905,-0.6285554996405915,0.34626379206143265,0.10895138141885578,0.360878824576801,-0.8023573279590703,-1.0,-0.7231701069927539,0.3992096126177461,0.12597472776841684,0.4160369530656937,-0.9232806803024938
-0.9200802178646605,-0.6655022162076851,0.3666593867709287,0.11538742256114143,0.38213412708131866,-0.8495276814860745,-1.0,-0.7231701069927534,0.3992096126177458,0.12597472776841684,0.4160369530656939,-0.9232806803024929
-0.9711701567460307,-0.7024489327747788,0.3870549814804248,0.12182346370342709,0.40338942958583646,-0.8966980350130787,-1.0,-0.7231701069927542,0.39920961261774623,0.12597472776841684,0.4160369530656943,-0.923280680302494
-1.0222600956274006,-0.7393956493418724,0.4074505761899208,0.12825950484571272,0.42464473209035414,-0.9438683885400828,-1.0,-0.7231701069927546,0.39920961261774657,0.12597472776841684,0.41603695306569466,-0.9232806803024949
-1.0733500345087705,-0.776342365908966,0.42784617089941684,0.13469554598799835,0.4459000345948719,-0.9910387420670869,-1.0,-0.7231701069927531,0.3992096126177457,0.12597472776841684,0.41603695306569377,-0.9232806803024929
-1.1244399733901407,-0.8132890824760596,0.4482417656089129,0.141131587130284,0.46715533709938956,-1.038209095594091,-0.9757328438033743,-0.705620825049629,0.3895219305931561,0.12291767937283328,0.40594091934208,-0.9008752838202656
-1.1755299122715108,-0.8502357990431533,0.46863736031840897,0.14756762827256967,0.48841063960390735,-1.0853794491210953,-0.9329027559233309,-0.6746473858149105,0.3724237478021808,0.11752217071184745,0.3881220200809312,-0.8613310911449645
-1.2266198511528807,-0.8871825156102469,0.489032955027905,0.1540036694148553,0.509665942108425,-1.1325498026480993,-0.8921513969082882,-0.6451772211559021,0.3561554135561391,0.11238852935373439,0.3711679488430274,-0.8237061486703043
-1.2777097900342507,-0.9241292321773404,0.509428549737401,0.16043971055714093,0.5309212446129428,-1.1797201561751034,-0.8447537199569792,-0.6109006380438149,0.3372338053014253,0.10641761990293788,0.3514487637418125,-0.7799447892499404
-1.3287997289156208,-0.961075948744434,0.5298241444468971,0.1668757516994266,0.5521765471174604,-1.2268905097021074,-0.7957962168487385,-0.5754960352829299,0.31768949945085256,0.10025021177665586,0.331080633318955,-0.7347432724742526
-1.379889667796991,-0.9980226653115277,0.5502197391563932,0.17331179284171225,0.5734318496219782,-1.2740608632291117,-0.7425106522374743,-0.5369615078218347,0.29641738984427257,0.09353757728076545,0.30891186937570014,-0.6855457401296637
-1.4309796066783609,-1.0349693818786214,0.5706153338658893,0.17974783398399788,0.5946871521264959,-1.3212312167561158,-0.6824366302586933,-0.49351777091995347,0.2724352628017326,0.08596976871603462,0.2839188563132464,-0.6300805562485892
-1.4820695455597308,-1.0719160984457148,0.5910109285753852,0.1861838751262835,0.6159424546310136,-1.36840157028312,-0.6172932836900425,-0.44640805001203554,0.24642941265343787,0.07776335336612522,0.25681681689432245,-0.5699349629115043
-1.5331594844411007,-1.1088628150128084,0.6114065232848812,0.19261991626856914,0.6371977571355313,-1.415571923810124,-0.5400335203730537,-0.39053609870785555,0.21558657246872484,0.06803057571481538,0.22467390036934584,-0.4986025160761838
-1.5842494233224709,-1.1458095315799022,0.6318021179943774,0.19905595741085483,0.6584530596400491,-1.4627422773371284,-0.44240210346370196,-0.31993197649566474,0.17661117234502047,0.05573148454801487,0.18405562315489227,-0.4084613150532203
-1.635339362203841,-1.1827562481469958,0.6521977127038734,0.20549199855314046,0.6797083621445668,-1.5099126308641324,-0.273268960563149,-0.19761994344825068,0.10909159588686862,0.03442498291450082,0.11368998572012148,-0.25230395181429877
-1.686429301085211,-1.2197029647140893,0.6725933074133694,0.2119280396954261,0.7009636646490844,-1.5570829843911365,0.0,0.0,0.0,0.0,0.0,0.0
-1.686429301085211,-1.2197029647140893,0.6725933074133694,0.2119280396954261,0.7009636646490844,-1.5570829843911365,0.0,0.0,0.0,0.0,0.0,0.0
-1.6864529840696347,-1.162872464651282,0.6112109810813677,0.2780792602219536,0.7009874053237352,-1.5570419049783042,-0.00010994248820572327,0.26382175789659723,-0.2849525029481387,0.30709093298539336,0.00011021030103733733,0.00019070117093447173
-1.6864766670540583,-1.1060419645884747,0.5498286547493659,0.3442304807484811,0.701011145998386,-1.557000825565472,-0.00017912173263571432,0.42982664075141114,-0.464253509992569,0.5003221310581328,0.00017955806165762445,0.00031069629868151914
-1.686500350038482,-1.0492114645256674,0.4884463284173642,0.4103817012750086,0.7010348866730367,-1.5569597461526397,-0.00022174990035138447,0.5321186511100346,-0.5747385761815036,0.6193909643053639,0.0002222900688472049,0.00038463715294675494
-1.6865240330229059,-0.9923809644628601,0.42706400208536244,0.47653292180153617,0.7010586273476874,-1.5569186667398074,-0.0002570634130658754,0.6168581649609923,-0.6662652825568851,0.7180285314897148,0.000257689603008831,0.0004458903439065744
-1.6865477160073294,-0.9355504644000527,0.3656816757533607,0.5426841423280636,0.7010823680223381,-1.5568775873269751,-0.0002879821778439505,0.6910518912338215,-0.7464015388423808,0.8043907057259887,0.00028868368391013065,0.0004995206077219103
-1.6865713989917532,-0.8787199643372454,0.30429934942135894,0.6088353628545912,0.701106108696989,-1.5568365079141429,-0.00031320114275549616,0.7515681826503429,-0.8117648691672257,0.8748322210129844,0.0003139640805985267,0.0005432642614893354
-1.6865950819761768,-0.821889464274438,0.2429170230893572,0.6749865833811186,0.7011298493716397,-1.5567954285013106,-0.00033407380109549907,0.8016549280484841,-0.8658633013038215,0.9331336495878997,0.00033488758339115084,0.0005794690122721195
-1.6866187649606006,-0.7650589642116307,0.18153469675735545,0.7411378039076462,0.7011535900462904,-1.5567543490884783,-0.0003510280428999815,0.8423389070017562,-0.909805854507368,0.9804901722414081,0.0003518831246367651,0.0006088770583958338
-1.6866424479450244,-0.7082284641488233,0.12015237042535376,0.8072890244341736,0.7011773307209411,-1.556713269675646,-0.0003580128111798235,0.8590997960501356,-0.9279092032381571,1.0,0.0003588849073654459,0.0006209925154108746
-1.686666130929448,-0.651397964086016,0.05877004409335196,0.8734402449607012,0.701201071395592,-1.5566721902628138,-0.0003580128111798232,0.859099796050135,-0.9279092032381562,1.0,0.00035888490736544565,0.000620992515410874
-1.6866898139138717,-0.5945674640232087,-0.0026122822386497324,0.9395914654872287,0.7012248120702427,-1.5566311108499815,-0.00035801281118150185,0.8590997960501356,-0.9279092032381571,1.0,0.0003588849073646068,0.0006209925154108746
-1.6867134968982955,-0.5377369639604014,-0.06399460857065153,1.0057426860137562,0.7012485527448934,-1.5565900314371492,-0.0003580128111798235,0.8590997960501365,-0.9279092032381571,1.0,0.0003588849073646068,0.0006209925154108746
-1.686737179882719,-0.48090646389759395,-0.12537693490265323,1.0718939065402837,0.7012722934195441,-1.556548952024317,-0.0003580128111798232,0.8590997960501359,-0.9279092032381562,1.0,0.00035888490736544565,0.0006209925154091957
-1.6867608628671429,-0.42407596383478663,-0.18675926123465503,1.1380451270668113,0.7012960340941949,-1.556507872611485,-0.0003580128111798232,0.8590997960501359,-0.9279092032381571,1.0,0.00035888490736544565,0.0006209925154091957
-1.6867845458515665,-0.3672454637719792,-0.24814158756665683,1.2041963475933388,0.7013197747688457,-1.5564667931986527,-0.0003580128111798232,0.859099796050135,-0.9279092032381562,1.0,0.0003588849073646065,0.000620992515410874
-1.6868082288359902,-0.310414963709172,-0.3095239138986585,1.2703475681198664,0.7013435154434964,-1.5564257137858204,-0.00035801281118150153,0.859099796050135,-0.9279092032381571,1.0,0.0003588849073646065,0.000620992515410874
-1.686831911820414,-0.25358446364636456,-0.37090624023066043,1.336498788646394,0.7013672561181471,-1.5563846343729881,-0.00035801281117982383,0.8590997960501363,-0.9279092032381568,1.0,0.00035888490736544625,0.0006209925154108751
-1.6868555948048376,-0.19675396358355735,-0.4322885665626619,1.4026500091729213,0.7013909967927979,-1.5563435549601559,-0.0003580128111798232,0.8590997960501358,-0.9279092032381553,1.0,0.00035888490736544565,0.000620992515410874
-1.6868792777892614,-0.1399234635207498,-0.4936708928946638,1.468801229699449,0.7014147374674486,-1.5563024755473236,-0.00034763853705749943,0.8342053327635126,-0.901020823448595,0.9710226176271033,0.0003484853621760406,0.0006029977778411061
-1.6869029607736852,-0.0830929634579427,-0.5550532192266655,1.5349524502259764,0.7014384781420994,-1.5562613961344913,-0.00032749122742427143,0.7858591589535182,-0.848802373594572,0.91474723025968,0.0003282889749937762,0.0005680511834840897
-1.6869266437581087,-0.02626246339513516,-0.6164355455586674,1.601103670752504,0.7014622188167501,-1.556220316721659,-0.0003070298429129456,0.736759320312069,-0.795769894291956,0.8575945701529109,0.00030777774786641156,0.0005325598093219636
-1.6869503267425325,0.03056803666767194,-0.6778178718906689,1.6672548912790315,0.7014859594914009,-1.5561792373088268,-0.0002836491616828717,0.6806542373398428,-0.7351710871711463,0.7922877417376566,0.0002843401128003268,0.0004920047576708684
-1.686974009726956,0.08739853673047948,-0.7392001982226708,1.733406111805559,0.7015097001660516,-1.5561381578959945,-0.00025451823075829265,0.6107506583772208,-0.6596685965909765,0.7109193381086285,0.00025513822080082285,0.0004414755880263116
-1.68699769271138,0.14422903679328658,-0.8005825245546725,1.7995573323320864,0.7015334408407023,-1.5560970784831623,-0.00022093587197362884,0.5301652807515801,-0.5726287510584205,0.6171172233879103,0.00022147405754867377,0.0003832251768550334
-1.6870213756958037,0.20105953685609412,-0.8619648508866744,1.865708552858614,0.7015571815153531,-1.55605599907033,-0.00017973466756917452,0.43129746039775874,-0.46584213461152835,0.5020341785444777,0.0001801724896611661,0.00031175946735656707
-1.6870450586802272,0.25789003691890144,-0.9233471772186759,1.9318597733851415,0.7015809221900039,-1.5560149196574977,-0.00011017905335663106,0.26438942773005575,-0.2855656401707148,0.3077517058502788,0.00011044744244574181,0.00019111150593795204
-1.687068741664651,0.3147205369817089,-0.9847295035506777,1.998010993911669,0.7016046628646546,-1.5559738402446655,0.0,0.0,0.0,0.0,0.0,0.0
-1.687068741664651,0.3147205369817089,-0.9847295035506777,1.998010993911669,0.7016046628646546,-1.5559738402446655,0.0,0.0,0.0,0.0,0.0,0.0
-1.686439874487214,0.3160295717888811,-0.987007708517829,1.997522355914282,0.7018209980900157,-1.5564112850555358,0.0021338597969481287,0.029569409254866726,-0.09499064058114803,-0.03557560869620613,0.0007340089426842904,-0.0014843755696657883
-1.6864398700097998,0.3249756632699646,-1.0180746422594957,1.9854468192727215,0.7018209798674857,-1.5564113046896686,3.485400108554185e-08,0.06964668807070679,-0.24164751217222924,-0.10528498804071246,-1.525192186948492e-07,-1.5043321643793406e-07
-1.686439865806299,0.33337572636223484,-1.0472051444727506,1.9719808805600738,0.7018209607469208,-1.556411322668523,5.240502523123962e-08,0.10095058580788267,-0.349134297702811,-0.17688082137854239,-2.4185584624821717e-07,-2.1702757513623654e-07
-1.6864398615810496,0.34129010250336345,-1.0745179174132031,1.9571829001099548,0.7018209410393879,-1.5564113397425774,6.612346831768478e-08,0.11962137949180149,-0.4110060968243862,-0.24142046012940455,-3.11974316857825e-07,-2.5827501395222017e-07
-1.6864398573213741,0.3487677547740146,-1.100109207981186,1.9411001617500507,0.7018209207500916,-1.5564113558993422,7.670968411348483e-08,0.12988008327670778,-0.44181795512427546,-0.2991173954171264,-3.6790821136241277e-07,-2.800801496092065e-07
-1.6864398529986828,0.355848515074658,-1.1240576727142508,1.9237714901164558,0.7018208998918471,-1.556411371140338,8.483340167069146e-08,0.13373803023302328,-0.44888468181760827,-0.3483252373405638,-4.102898440306807e-07,-2.866268401683492e-07
-1.6864398485792973,0.36256450649490735,-1.1464275925830703,1.9052290430859862,0.7018208784724695,-1.556411385472196,9.168961516851572e-08,0.13362353885750514,-0.4409438613629021,-0.3910980629220886,-4.433038734558143e-07,-2.833476937506046e-07
-1.6864398440230242,0.36894121909253025,-1.167271342789049,1.8854997057942415,0.7018208564937526,-1.556411398907286,9.900857173766182e-08,0.1322883643434114,-0.42765123259212134,-0.4326533278617872,-4.740422781099602e-07,-2.764985017196504e-07
-1.6864398392815885,0.3749983344387142,-1.1866313197067213,1.864606193032481,0.7018208339498855,-1.556411411464411,1.0690677598364986e-07,0.12971491444026503,-0.40931757269393654,-0.4718877719869905,-5.018783679569702e-07,-2.6647418493933197e-07
-1.686439834296577,0.38075036557592584,-1.2045414652469346,1.8425679336521459,0.7018208108254136,-1.5564114231697397,1.1658149169443771e-07,0.12692499337119567,-0.3893975329139263,-0.5123481069920793,-5.309691297513966e-07,-2.5579831888945436e-07
-1.6864398289966585,0.38620715996763744,-1.2210284877821629,1.8194017885398104,0.7018207870925528,-1.5564114340580801,1.2771920176425723e-07,0.12327146426101793,-0.3662884166716168,-0.5506948819550177,-5.584656623232935e-07,-2.437090799659629e-07
-1.686439823293813,0.3913743000732417,-1.236112850812801,1.79512263870718,0.7018207627075801,-1.5564114441746504,1.4004570017755574e-07,0.11799683449385412,-0.3380055325268429,-0.5834206493192644,-5.813828062511645e-07,-2.2925245701996492e-07
-1.6864398170780917,0.39625342719367834,-1.2498095811390515,1.769743869616146,0.7018207376058925,-1.5564114535775582,1.5536241677794816e-07,0.11238835691037345,-0.3087800877211576,-0.6155539399783221,-6.056564117216809e-07,-2.1563538005973852e-07
-1.686439810210254,0.4008425078601671,-1.2621289345624433,1.7432777704888351,0.7018207116950862,-1.5564114623413439,1.7487017928509678e-07,0.10657446526709499,-0.27912055205314557,-0.6481992394255085,-6.332228733377749e-07,-2.0378365696286242e-07
-1.686439802511146,0.4051360574076268,-1.273076947222973,1.7157358620682281,0.7018206848450457,-1.5564114705621213,2.009563367112358e-07,0.10099218759068992,-0.2502076317243041,-0.6850089346199815,-6.688310032736999e-07,-1.9540000123464292e-07
-1.6864397937460474,0.4091253319289196,-1.282655893391693,1.6871291624516898,0.701820656873386,-1.5564114783652252,2.3338615371655114e-07,0.09455287560853251,-0.21948520881802638,-0.7190702882427635,-7.074034942127841e-07,-1.8948083898680968e-07
-1.6864397836009892,0.41279849716265343,-1.290864665077507,1.657468397802141,0.7018206275234585,-1.5564114859168408,2.72233118483863e-07,0.08645057863551309,-0.18540039341488207,-0.7437255668083758,-7.446647234603269e-07,-1.8576709455489461e-07
-1.686439771645724,0.41614078077225874,-1.2976990846322902,1.62676416266261,0.7018205964300387,-1.5564114934422695,3.2341202102775074e-07,0.0778343437482886,-0.15094209973062517,-0.7670468807911793,-7.918409489304782e-07,-1.8842570551902832e-07
-1.686439757273756,0.4191346127550758,-1.3031521582784666,1.5950270330554084,0.7018205630637877,-1.5564115012556126,3.832114923308544e-07,0.06747531638563552,-0.11448961176988409,-0.7729508651515202,-8.358441369267743e-07,-1.9601595658438995e-07
-1.6864397396008886,0.4217597572515275,-1.3072142758693304,1.5622676344007411,0.7018205266373563,-1.5564115098101106,4.5424388418084977e-07,0.0554782014361828,-0.07700083952784431,-0.7577377171371262,-8.774827291211821e-07,-2.107302684994903e-07
-1.6864397172844492,0.42399343772777875,-1.309873360037927,1.528496665425079,0.7018204859381472,-1.5564115197880213,5.447776361603739e-07,0.04333529356921366,-0.04217931828509685,-0.7297298249633051,-9.30716562076002e-07,-2.3817019680400208e-07
-1.6864396881800379,0.42581045632820047,-1.3111149660538437,1.4937248785549295,0.7018204390108261,-1.5564115322715288,6.685385308411563e-07,0.03144572766887036,-0.010869227984829173,-0.6908853209110266,-1.0098131513476295e-06,-2.8545137300932907e-07
-1.6864396486353177,0.427183307120242,-1.3109223320873102,1.4579630167089332,0.7018203825042252,-1.5564115490947616,8.552289015065639e-07,0.02055599058419618,0.015841242497613255,-0.6490580739881439,-1.1472186607472208e-06,-3.6730555559805555e-07
-1.6864395918774737,0.42808228205472787,-1.3092763781346874,1.4212217057439094,0.7018203101801728,-1.5564115736480546,1.1530371288515182e-06,0.010650948991475156,0.03773334417069959,-0.5996315433818211,-1.3851071281822117e-06,-5.081506257977401e-07
-1.686439503769147,0.42847556811626397,-1.3061556507144456,1.3835113006336206,0.701820208988673,-1.5564116129945775,1.6961506094926715e-06,0.0020161432731406886,0.054367074687033105,-0.543107186319775,-1.8481523302899148e-06,-7.749412514843741e-07
-1.6864393490659917,0.4283293363982745,-1.3015362106383976,1.3448416797462128,0.7018200463561824,-1.5564116847152147,2.9029356288145503e-06,-0.0049494598994917665,0.06455149500493912,-0.47519209276615426,-2.921755178941172e-06,-1.376215039598937e-06
-1.6864390088853694,0.4276078442580655,-1.2953914710957313,1.305221960740362,0.7018197123082647,-1.5564118479378872,0.00029588297285132817,-0.009312533494764824,0.06569377743197327,-0.3868259996213226,-0.0002723666673457123,-0.00015184062323832597
-1.686368090965994,0.42632126269008835,-1.2877189386442054,1.264616138027718,0.7017544586380715,-1.5564482565499345,-0.02667934282636446,-0.031002263866418883,0.07803390074379123,-0.31488800718546706,0.024873777224461064,0.012670207897927346
-1.6932363341640762,0.41978529081380694,-1.2759484812268571,1.2273007835248635,0.7081569700246245,-1.5531835984371059,-0.005549279271827485,-0.022480877292975113,0.0836690692606957,-0.3362145744927404,0.005253245587075642,0.0023452443854315268
-1.6880857981187403,0.42055160794677565,-1.266946740171,1.1817030098362435,0.7033749842000547,-1.5557020984174552,0.030294959461367246,-0.009604534847419192,0.10236987929991315,-0.4287842388942291,-0.02826943023179452,-0.014298964508858444
-1.686441717175627,0.41818079298620514,-1.2549136422852214,1.1373864730134042,0.7018221832009104,-1.5564106430689217,0.008878461531653033,-0.03904268302463541,0.15414677439482355,-0.5156230687357913,-0.008385587104051583,-0.0038263511666974106
-1.6864405044581323,0.4139769104108449,-1.2406255089301872,1.0931055389339026,0.701821028071561,-1.556411170054814,8.93251839670559e-06,-0.06080539329597313,0.19933065459401497,-0.5866366540324811,-8.737267979207133e-06,-3.323212411619769e-06
-1.6864403062167712,0.4089395012933687,-1.2245735991439592,1.0478946689796356,0.7018208058710408,-1.556411174795374,1.8818376740729761e-06,-0.07807773381015279,0.24148271647579048,-0.64931503765712,-2.145123405947164e-06,-1.431066724622868e-07
-1.6864402351976748,0.40301782509805684,-1.2066992291501732,1.0017455992409916,0.7018207213910286,-1.5564111898418607,8.806970315227635e-07,-0.09702318105718818,0.2854967074717003,-0.7064734082864639,-1.0903101767316724e-06,-1.848554282723022e-07
-1.6864401891959204,0.39615709111795366,-1.1869347291822818,0.9546454608784137,0.7018206611961398,-1.556411199365705,6.168555482604676e-07,-0.11598443034481418,0.3269190157837109,-0.7494905352214383,-8.444075103250838e-07,-1.0001479822847779e-07
-1.6864401567300757,0.3882983211448045,-1.16520196309373,0.9065750964461816,0.701820614030877,-1.5564112026040258,4.316184347526434e-07,-0.12729668575576886,0.34564907927317734,-0.7386886326168791,-6.565599245005392e-07,-1.7860798835651705e-08
-1.6864401328511396,0.3793774185537558,-1.1414099995304028,0.8575076699485723,0.7018205752772654,-1.5564112015184846,2.9130900501763424e-07,-0.13021985127337726,0.3417338213936076,-0.6824366302586928,-4.961504365290358e-07,3.509060815961485e-08
-1.6864401147409722,0.3693238623216533,-1.1154520693076673,0.8074069324313323,0.7018205422923752,-1.5564111973370607,1.9763162278382103e-07,-0.12944842410299962,0.3294835735837299,-0.6169193595215026,-3.783291409685073e-07,6.422925987124616e-08
-1.6864401007024825,0.3580589444923554,-1.0872015776012909,0.7562249965328128,0.7018205134915004,-1.5564111908242448,1.317300978038687e-07,-0.12307659530279703,0.30481422032446653,-0.536805220177051,-2.841216673166947e-07,7.620110471230345e-08
-1.686440089651165,0.3454933738722939,-1.0565067927431098,0.703899421451894,0.7018204878670619,-1.556411182485782,8.445059733207748e-08,-0.11072618409783294,0.2675151049531817,-0.44398620574086517,-2.0593892418885803e-07,7.548794649151433e-08
-1.6864400808601145,0.3315239764168186,-1.0231836342600282,0.6503493005337115,0.7018204647471068,-1.5564111726724106,4.303611095509325e-08,-0.07482571926243012,0.1773214066377039,-0.28008947596378575,-1.170257771959338e-07,5.27883966836649e-08
-1.6864400738231111,0.3160290703476296,-0.9870056550249139,0.5954698682659209,0.7018204436661156,-1.5564111616373397,0.0,0.0,0.0,0.0,0.0,0.0
-1.6864400738231111,0.3160290703476296,-0.9870056550249139,0.5954698682659209,0.7018204436661156,-1.5564111616373397,0.0,0.0,0.0,0.0,0.0,0.0
-1.6336093366233317,0.3059954876999224,-0.9566220910297332,0.5775420615352718,0.6807217932937277,-1.5062146428214749,0.27410289494776485,-0.05205746117140497,0.15763972436001727,-0.09301524047170516,-0.10946659942853133,0.2604357208134124
-1.5807785994235524,0.29596190505221515,-0.9262385270345523,0.5596142548046227,0.6596231429213398,-1.45601812400561,0.4476928297081043,-0.08502555984929437,0.25747329041012434,-0.15192198616031816,-0.17879202503870717,0.4253702057041233
-1.527947862223773,0.28592832240450794,-0.8958549630393716,0.5416864480739736,0.6385244925489518,-1.4058216051897452,0.5491380011983071,-0.10429196736711385,0.3158155741514815,-0.18634682148594528,-0.21930548971259467,0.5217571715007658
-1.4751171250239934,0.2758947397568007,-0.8654713990441909,0.5237586413433245,0.6174258421765639,-1.3556250863738804,0.6286318525562375,-0.1193893930299092,0.3615334014614352,-0.21332260261182123,-0.2510524057212269,0.5972873423243239
-1.422286387824214,0.26586115710909347,-0.8350878350490102,0.5058308346126754,0.596327191804176,-1.3054285675580157,0.6961536065268931,-0.1322130849731208,0.4003659380031146,-0.2362357213654518,-0.2780181070357872,0.6614423621729286
-1.3694556506244346,0.2558275744613862,-0.8047042710538295,0.4879030278820263,0.5752285414317881,-1.2552320487421509,0.7613729469845663,-0.14459950389126816,0.4378743300784672,-0.25836752933936125,-0.3040643092046248,0.7234097702380888
-1.3166249134246553,0.245793991813679,-0.7743207070586486,0.46997522115137713,0.5541298910594002,-1.205035529926286,0.8199096380154725,-0.15571675794662806,0.4715394536840315,-0.27823161867594093,-0.3274417073534952,0.7790277356213849
-1.2637941762248759,0.23576040916597174,-0.7439371430634679,0.45204741442072804,0.5330312406870124,-1.1548390111104212,0.8659133562990697,-0.1644537571627252,0.49799672065723743,-0.29384271581359267,-0.345813897849817,0.8227376407413893
-1.2109634390250963,0.2257268265182645,-0.7135535790682872,0.43411960769007896,0.5119325903146243,-1.1046424922945564,0.9100836399861443,-0.17284255155472922,0.523399558327601,-0.3088316474687648,-0.3634538821044131,0.8647055290147634
-1.1581327018253171,0.21569324387055727,-0.6831700150731064,0.41619180095942987,0.49083393994223645,-1.0544459734786917,0.9516541013173898,-0.18073758920853103,0.5473072082888502,-0.3229383443644045,-0.3800555930767603,0.9042032259048771
-1.1053019646255375,0.20565966122285004,-0.6527864510779257,0.3982639942287808,0.46973528956984856,-1.0042494546628267,0.9852950739638222,-0.18712666301836284,0.5666545181966733,-0.3343542148936307,-0.39349055835786356,0.9361668100972559
-1.0524712274257582,0.1956260785751428,-0.6224028870827449,0.3803361874981317,0.4486366391974606,-0.9540529358469619,1.0,-0.18991941395338197,0.5751114901214678,-0.3393442469457715,-0.39936316414823814,0.950138526858838
-0.9996404902259788,0.18559249592743557,-0.5920193230875641,0.3624083807674826,0.4275379888250727,-0.9038564170310971,1.0,-0.1899194139533817,0.5751114901214667,-0.33934424694577203,-0.39936316414823764,0.950138526858838
-0.9468097530261994,0.17555891327972836,-0.5616357590923835,0.34448057403683346,0.4064393384526848,-0.8536598982152324,1.0,-0.18991941395338174,0.575111490121466,-0.33934424694577164,-0.39936316414823775,0.9501385268588369
-0.8939790158264199,0.1655253306320211,-0.5312521950972027,0.3265527673061844,0.38534068808029687,-0.8034633793993675,1.0,-0.18991941395338174,0.5751114901214671,-0.33934424694577114,-0.39936316414823775,0.950138526858838
-0.8411482786266405,0.1554917479843139,-0.500868631102022,0.3086249605755353,0.36424203770790897,-0.7532668605835027,1.0,-0.1899194139533817,0.5751114901214667,-0.3393442469457715,-0.39936316414823764,0.950138526858838
-0.7883175414268612,0.14545816533660666,-0.47048506710684124,0.2906971538448862,0.3431433873355211,-0.7030703417676379,1.0,-0.18991941395338202,0.5751114901214671,-0.33934424694577164,-0.39936316414823775,0.950138526858838
-0.7354868042270817,0.1354245826888994,-0.4401015031116604,0.27276934711423706,0.3220447369631331,-0.652873822951773,1.0,-0.18991941395338202,0.5751114901214671,-0.33934424694577164,-0.39936316414823775,0.950138526858838
-0.6826560670273023,0.12539100004119216,-0.4097179391164797,0.25484154038358797,0.30094608659074523,-0.6026773041359083,1.0,-0.1899194139533817,0.5751114901214667,-0.3393442469457715,-0.39936316414823814,0.9501385268588369
-0.6298253298275229,0.11535741739348496,-0.379334375121299,0.23691373365293888,0.2798474362183573,-0.5524807853200435,0.9757328438033745,-0.1853106098702034,0.561155169760215,-0.33110932710071217,-0.3896717558646743,0.9270813668191229
-0.5769945926277436,0.10532383474577772,-0.34895081112611825,0.2189859269222898,0.2587487858459694,-0.5022842665041787,0.928376321149866,-0.17631668684097915,0.5339198894499846,-0.3150391635828868,-0.37075930513471067,0.8820861101479603
-0.524163855427964,0.09529025209807046,-0.3185672471309374,0.20105812019164065,0.23765013547358144,-0.45208774768831383,0.8833182147606811,-0.1677592776816958,0.5080064547424489,-0.2997489544014464,-0.35276475719659783,0.8392746673202913
-0.4713331182281846,0.08525666945036325,-0.2881836831357567,0.18313031346099157,0.21655148510119354,-0.401891228872449,0.8363898217395834,-0.15884666478135506,0.4810173967030797,-0.28382407421132655,-0.3340232856713009,0.7946861931073748
-0.4185023810284052,0.07522308680265602,-0.257800119140576,0.16520250673034254,0.1954528347288056,-0.35169471005658415,0.7841328685427167,-0.14892205485521703,0.4509638224808219,-0.2660909777810554,-0.3131537834938538,0.745034848578771
-0.3656716438286258,0.06518950415494879,-0.22741655514539527,0.14727469999969345,0.1743541843564177,-0.3014981912407195,0.7278802590309523,-0.1382385922233945,0.4186123004012908,-0.24700197836755194,-0.29068856336763993,0.6915870770452991
-0.31284090662884645,0.05515592150724152,-0.19703299115021444,0.1293468932690443,0.1532555339840298,-0.25130167242485446,0.6626939793715543,-0.1258584521926802,0.3811229219708998,-0.22488138938533705,-0.26465556446381083,0.6296510813183119
-0.2600101694290671,0.04512233885953432,-0.16664942715503372,0.11141908653839522,0.1321568836116419,-0.20110515360898962,0.5860759104221358,-0.11130719343956649,0.33705899016716967,-0.19888148847525736,-0.2340571300172432,0.5568533021559399
-0.2071794322292877,0.03508875621182711,-0.136265863159853,0.09349127980774607,0.11105823323925401,-0.150908634793125,0.5230454342864771,-0.09933648235067988,0.3008094391137255,-0.17749245901636884,-0.20888507962993658,0.49696561841319387
-0.15434869502950832,0.025055173564119848,-0.10588229916467229,0.07556347307709699,0.08995958286686612,-0.10071211597726015,0.4448326366143355,-0.08448235365313239,0.25582836049793134,-0.15095139608879343,-0.17764976927470427,0.42265262605147724
-0.10151795782972872,0.015021590916412586,-0.07549873516949146,0.0576356663464479,0.06886093249447811,-0.05051559716139531,0.2740493759651056,-0.052047296877582784,0.15760894497814995,-0.0929970791128372,-0.10944522591827469,0.26038487036606867
-0.04868722062994938,0.004988008268705395,-0.045115171174310714,0.03970785961579876,0.0477622821220902,-0.00031907834553055353,0.0,0.0,0.0,0.0,0.0,0.0
-0.04868722062994938,0.004988008268705395,-0.045115171174310714,0.03970785961579876,0.0477622821220902,-0.00031907834553055353,0.0,0.0,0.0,0.0,0.0,0.0
0.016563938340948624,0.018548610099948726,-0.06021260955732409,0.0651079615572262,0.11232131253426741,-9.588136033919625e-05,0.30561376021302517,0.06351314799245587,-0.07071115650030076,0.11896525343827122,0.30237207049107206,0.001045377139476774
0.08181509731184664,0.03210921193119206,-0.07531004794033747,0.09050806349865366,0.1768803429464446,0.00012731562485216103,0.49902665395573564,0.10370852969047657,-0.11546192095895533,0.19425444822548393,0.4937334054646296,0.0017069619367638656
0.1470662562827446,0.04566981376243539,-0.09040748632335083,0.1159081654400811,0.24143937335862187,0.00035051261004351834,0.6185631482157701,0.1285507980659086,-0.14311958842532466,0.24078602234326918,0.6120019586981507,0.0021158464004265415
0.21231741525364264,0.05923041559367872,-0.1055049247063642,0.14130826738150856,0.30599840377079907,0.0005737095952348756,0.7104976429127164,0.14765677406394206,-0.16439086376894982,0.27657305776247976,0.7029612908031242,0.002430315942041902
0.27756857422454057,0.07279101742492204,-0.12060236308937758,0.166708369322936,0.3705574341829763,0.0007969065804262329,0.7844433086511451,0.1630242824122961,-0.18149998718965027,0.305357641477238,0.7761226040816371,0.002683253206622078
0.34281973319543857,0.08635161925616539,-0.13569980147239097,0.19210847126436345,0.4351164645951535,0.0010201035656175902,0.8579340939275503,0.17829725676426433,-0.19850386298172049,0.3339651553852862,0.848833861881521,0.0029346345149656524
0.4080708921663366,0.09991222108740871,-0.15079723985540433,0.2175085732057909,0.4996754950073307,0.0012433005508089474,0.9238947025622769,0.19200529757685614,-0.21376544975312128,0.35964142244113867,0.9140948167214837,0.0031602582313999305
0.47332205113723463,0.11347282291865204,-0.1658946782384177,0.24290867514721837,0.5642345254195079,0.0014664975360003047,0.9757328438033743,0.20277838427951236,-0.22575946113346282,0.37982028351800057,0.9653831032389288,0.0033375748802597183
0.5385732101081325,0.12703342474989537,-0.18099211662143105,0.26830877708864576,0.6287935558316851,0.001689694521191662,1.0,0.20782162409239902,-0.23137425635224096,0.38926667881494476,0.9893928541709212,0.003420582694797854
0.6038243690790306,0.1405940265811387,-0.19608955500444444,0.29370887903007326,0.6933525862438624,0.0019128915063830194,1.0,0.20782162409239893,-0.23137425635224085,0.38926667881494503,0.9893928541709207,0.0034205826947978526
0.6690755280499285,0.15415462841238203,-0.2111869933874578,0.3191089809715007,0.7579116166560396,0.0021360884915743767,1.0,0.20782162409239913,-0.23137425635224085,0.3892666788149446,0.9893928541709198,0.0034205826947978526
0.7343266870208266,0.1677152302436254,-0.2262844317704712,0.34450908291292814,0.8224706470682168,0.002359285476765734,1.0,0.20782162409239893,-0.23137425635224063,0.3892666788149446,0.9893928541709198,0.003420582694797851
0.7995778459917245,0.1812758320748687,-0.24138187015348453,0.3699091848543556,0.887029677480394,0.002582482461957091,1.0,0.20782162409239893,-0.23137425635224063,0.3892666788149446,0.9893928541709198,0.003420582694797851
0.8648290049626226,0.19483643390611205,-0.2564793085364979,0.39530928679578303,0.9515887078925712,0.0028056794471484486,1.0,0.20782162409239893,-0.23137425635224085,0.3892666788149446,0.9893928541709198,0.003420582694797851
0.9300801639335206,0.20839703573735535,-0.2715767469195113,0.4207093887372105,1.0161477383047484,0.0030288764323398057,1.0,0.20782162409239874,-0.23137425635224046,0.3892666788149447,0.9893928541709189,0.003420582694797848
0.9953313229044187,0.2219576375685987,-0.28667418530252464,0.446109490678638,1.0807067687169256,0.003252073417531163,1.0,0.20782162409239913,-0.23137425635224085,0.3892666788149449,0.9893928541709216,0.003420582694797857
1.0605824818753165,0.235518239399842,-0.301771623685538,0.47150959262006537,1.1452657991291029,0.0034752704027225206,1.0,0.20782162409239924,-0.23137425635224124,0.38926667881494514,0.9893928541709216,0.0034205826947978596
1.1258336408462144,0.24907884123108534,-0.31686906206855137,0.4969096945614928,1.20982482954128,0.0036984673879138777,1.0,0.20782162409239874,-0.2313742563522413,0.3892666788149447,0.9893928541709198,0.003420582694797848
1.1910847998171126,0.26263944306232867,-0.33196650045156484,0.5223097965029203,1.2743838599534574,0.003921664373105235,1.0,0.20782162409239854,-0.2313742563522413,0.38926667881494514,0.9893928541709216,0.0034205826947978513
1.2563359587880105,0.27620004489357197,-0.3470639388345782,0.5477098984443478,1.3389428903656346,0.004144861358296593,1.0,0.20782162409239913,-0.23137425635224085,0.3892666788149449,0.9893928541709198,0.0034205826947978505
1.3215871177589085,0.28976064672481533,-0.36216137721759156,0.5731100003857752,1.4035019207778117,0.004368058343487949,1.0,0.20782162409239913,-0.23137425635224085,0.3892666788149441,0.9893928541709198,0.0034205826947978505
1.3868382767298064,0.30332124855605863,-0.3772588156006049,0.5985101023272026,1.468060951189989,0.004591255328679307,1.0,0.20782162409239874,-0.23137425635224046,0.38926667881494514,0.9893928541709198,0.003420582694797858
1.4520894357007046,0.316881850387302,-0.3923562539836183,0.6239102042686302,1.5326199816021662,0.004814452313870665,0.9804901722414081,0.20376706000184563,-0.2268601844630359,0.3816721529591064,0.9700899700004635,0.003353847715588325
1.5173405946716025,0.33044245221854535,-0.40745369236663165,0.6493103062100576,1.5971790120143434,0.005037649299062022,0.9331336495878996,0.19392535055262494,-0.21590310425065273,0.3632378366655495,0.9232357648886991,0.0031918608137139304
1.5825917536425005,0.34400305404978865,-0.422551130749645,0.674710408151485,1.6617380424265205,0.005260846284253379,0.8748322210129844,0.18180905297927868,-0.20241365456985846,0.34054303319402557,0.8655527480687215,0.002992435956048583
1.6478429126133984,0.35756365588103195,-0.43764856913265837,0.7001105100929124,1.7262970728386977,0.005484043269444736,0.8093812628313903,0.1682069285515762,-0.1872699877930502,0.31506515607742147,0.8007960377452141,0.0027685555411346846
1.7130940715842966,0.3711242577122753,-0.45274600751567173,0.72551061203434,1.7908561032508752,0.005707240254636094,0.7929076034902912,0.16478334591256438,-0.18345840711360326,0.308652509417783,0.7844971169110833,0.002712206027072526
1.7783452305551946,0.38468485954351866,-0.4678434458986851,0.7509107139757674,1.8554151336630522,0.005930437239827451,0.7766765432189555,0.16141018060623374,-0.17970295761351487,0.3023342984923142,0.7684382218630061,0.0026566863431901734
1.8435963895260925,0.39824546137476197,-0.48294088428169846,0.7763108159171948,1.9199741640752295,0.006153634225018808,0.7001709181918845,0.14551065736090343,-0.1620015255161129,0.27255320792736476,0.6927441031573423,0.0023949925261678813
1.9088475484969905,0.41180606320600527,-0.4980383226647118,0.8017109178586221,1.9845331944874065,0.006376831210210165,0.6091066944486417,0.1265855424858692,-0.1409316084672263,0.23710493999197227,0.602645810915155,0.002083499818316546
1.9740987074678886,0.4253666650372486,-0.5131357610477253,0.8271110198000498,2.0490922248995838,0.006600028195401523,0.4931973127331798,0.1024970665302163,-0.11411316146856329,0.19198527992810077,0.48796589691450837,0.0016870221930559192
2.0393498664387866,0.438927266868492,-0.5282331994307387,0.8525111217414771,2.113651255311761,0.00682322518059288,0.3026237626257009,0.06289176183782595,-0.07001934803203867,0.11780134700778871,0.29941378824418596,0.0010351496054720852
2.1046010254096843,0.4524878686997353,-0.543330637813752,0.8779112236829045,2.1782102857239383,0.007046422165784237,0.0,0.0,0.0,0.0,0.0,0.0
2.1046010254096843,0.4524878686997353,-0.543330637813752,0.8779112236829045,2.1782102857239383,0.007046422165784237,0.0,0.0,0.0,0.0,0.0,0.0
2.1150202544842545,0.43285827988854547,-0.4922795143702427,0.9164497941766437,2.2044603067871935,0.04892168673831685,0.05517193862147643,-0.103942668051999,0.2703260892935987,0.20406957468950168,0.13899920431245022,0.2217380489687687
2.1254394835588246,0.4132286910773557,-0.4412283909267334,0.954988364670383,2.230710327850449,0.09079695131084947,0.08980802104710767,-0.16919625362725116,0.44003259126753813,0.33218127034700645,0.22626073649629597,0.36094173716382755
2.1358587126333948,0.3935991022661659,-0.390177267483224,0.9935269351641223,2.2569603489137045,0.1326722158833821,0.11049025846612853,-0.20816111497401393,0.5413694030421617,0.408680583207548,0.2783671988841527,0.4440644094532034
2.146277941707965,0.3739695134549761,-0.3391261440397147,1.0320655056578616,2.28321036997696,0.1745474804559147,0.12681711397734743,-0.23892053661367615,0.6213661389025794,0.46907024040357703,0.3195007892869437,0.5096826417884982
2.156697170782535,0.35433992464378633,-0.2880750205962054,1.0706040761516007,2.3094603910402154,0.21642274502844733,0.14067404850130788,-0.2650266837136376,0.6892609965612799,0.5203241713956654,0.3544117045305545,0.5653741709028097
2.1671163998571052,0.3347103358325965,-0.237023897152696,1.10914264664534,2.3357104121034706,0.2582980096009799,0.15385313509476595,-0.2898557808459816,0.7538346009748178,0.5690708832771323,0.38761486171203213,0.6183414042725337
2.1775356289316754,0.31508074702140676,-0.1859727737091867,1.1476812171390791,2.3619604331667263,0.3001732741735125,0.1656818367433434,-0.31214078368736486,0.8117917208073981,0.6128228009161945,0.41741588299718235,0.6658813909201706
2.1879548580062456,0.29545115821021695,-0.13492165026567737,1.1862197876328184,2.3882104542299816,0.3420485387460451,0.1749779593754606,-0.32965446569789925,0.8573399567317521,0.6472072332779735,0.4408363695949215,0.7032428494247034
2.1983740870808153,0.27582156939902713,-0.08387052682216806,1.2247583581265575,2.414460475293237,0.3839238033185777,0.1839035938495988,-0.34647015650883783,0.9010729108773707,0.6802213066725654,0.4633234548938646,0.7391153024063248
2.2087933161553854,0.2561919805878373,-0.03281940337865874,1.2632969286202969,2.4407104963564925,0.4257990678911104,0.1923038736710466,-0.36229609119303874,0.9422317834825642,0.7112922020093404,0.48448697099203036,0.7728763357312194
2.2192125452299556,0.23656239177664756,0.01823172006485063,1.301835499114036,2.4669605174197478,0.467674332463643,0.20011218208062442,-0.37700676530280164,0.9804901722414081,0.7401735176926494,0.5041590848070604,0.8042582141960128
2.2296317743045257,0.21693280296545775,0.06928284350836,1.3403740696077753,2.4932105384830034,0.5095495970361756,0.2040940212824027,-0.38450845911179465,1.0,0.7549015162493775,0.5141908599191252,0.820261372286346
2.240051003379096,0.197303214154268,0.12033396695186926,1.3789126401015146,2.5194605595462587,0.5514248616087082,0.2040940212824027,-0.38450845911179465,1.0,0.7549015162493775,0.5141908599191208,0.820261372286346
2.250470232453666,0.17767362534307818,0.17138509039537864,1.417451210595254,2.545710580609514,0.5933001261812408,0.2040940212824027,-0.38450845911179465,1.0,0.7549015162493753,0.5141908599191252,0.820261372286346
2.260889461528236,0.15804403653188842,0.2224362138388879,1.455989781088993,2.5719606016727696,0.6351753907537734,0.2040940212824027,-0.38450845911179465,1.0,0.7549015162493753,0.5141908599191252,0.820261372286346
2.2713086906028064,0.1384144477206986,0.27348733728239727,1.4945283515827323,2.598210622736025,0.677050655326306,0.20409402128240248,-0.3845084591117948,1.0,0.7549015162493744,0.5141908599191247,0.8202613722863462
2.2817279196773765,0.1187848589095088,0.32453846072590664,1.5330669220764714,2.6244606437992806,0.7189259198988387,0.2040940212824027,-0.38450845911179465,1.0,0.7549015162493753,0.5141908599191252,0.820261372286346
2.2921471487519467,0.09915527009831904,0.3755895841694159,1.5716054925702108,2.650710664862536,0.7608011844713712,0.20409402128240248,-0.38450845911179476,1.0,0.7549015162493766,0.5141908599191247,0.8202613722863461
2.302566377826517,0.07952568128712917,0.4266407076129254,1.61014406306395,2.6769606859257915,0.802676449043904,0.2040940212824027,-0.3845084591117952,1.0,0.7549015162493753,0.5141908599191252,0.820261372286347
2.312985606901087,0.05989609247593941,0.47769183105643453,1.6486826335576892,2.7032107069890468,0.8445517136164366,0.20409402128240292,-0.38450845911179454,1.0,0.754901516249374,0.5141908599191214,0.8202613722863458
2.323404835975657,0.04026650366474965,0.5287429544999439,1.6872212040514283,2.729460728052302,0.8864269781889691,0.20409402128240248,-0.38450845911179427,1.0,0.7549015162493744,0.5141908599191247,0.8202613722863451
2.3338240650502273,0.02063691485355984,0.5797940779434533,1.7257597745451676,2.7557107491155577,0.9283022427615018,0.19914123978914497,-0.375177532275605,0.9757328438033743,0.7365822032414835,0.5017129100065901,0.8003559614430149
2.3442432941247975,0.001007326042370027,0.6308452013869627,1.764298345038907,2.781960770178813,0.9701775073340344,0.1903998749218282,-0.3587090011812267,0.9329027559233308,0.7042497049597445,0.4796900702891347,0.7652240947833856
2.3546625231993676,-0.018622262768819786,0.681896324830472,1.8028369155326462,2.808210791242068,1.012052771906567,0.1820827661877218,-0.3430397589196413,0.8921513969082879,0.6734864422500655,0.4587360939543217,0.7317973291151725
2.3650817522739374,-0.038251851580009544,0.7329474482739812,1.8413754860263853,2.834460812305324,1.0539280364790995,0.17240918369928493,-0.32481495118961445,0.844753719956979,0.6377058640528243,0.43436464168455957,0.692918845575907
2.3755009813485075,-0.0578814403911993,0.7839985717174905,1.8799140565201247,2.860710833368579,1.0958033010516322,0.1624172500179818,-0.3059903771075037,0.7957962168487385,0.6007477707246304,0.40919114106183896,0.652760896892629
2.3859202104230777,-0.07751102920238911,0.8350496951609999,1.918452627013864,2.886960854431835,1.1376785656241648,0.15209326455187394,-0.2865402250720708,0.7452117587581083,0.562561486613359,0.38318107505767507,0.6112684198828475
2.396339439497648,-0.09714061801357893,0.8861008186045093,1.956991197507603,2.91321087549509,1.1795538301966975,0.13983251583161704,-0.26344125544836156,0.6851377367793272,0.5172115163343788,0.35229156203760215,0.5619920201757723
2.406758668572218,-0.11677020682476874,0.9371519420480187,1.9955297680013424,2.9394608965583453,1.2214290947692301,0.12562310668388332,-0.23667105423445972,0.6155158583016984,0.464653854707487,0.31649262847400883,0.5048838825945591
2.417177897646788,-0.13639979563595844,0.9882030654915278,2.0340683384950813,2.965710917621601,1.2633043593417626,0.1095263224230992,-0.20634508155834275,0.536646403137645,0.4051151834183797,0.27593867550185097,0.440190315070216
2.4275971267213583,-0.15602938444714837,1.0392541889350375,2.0726069089888206,2.9919609386848562,1.3051796239142954,0.08987345860984186,-0.16931953649588655,0.44035321586164944,0.3324233103392482,0.22642559873205326,0.36120473313338247
2.4380163557959285,-0.17565897325833807,1.0903053123785464,2.11114547948256,3.018210959748112,1.3470548884868279,0.05567254931389869,-0.10488580712461196,0.27277893278835885,0.20592122996282014,0.1402604340182687,0.22375002173978475
2.4484355848704986,-0.1952885620695279,1.1413564358220558,2.1496840499762992,3.044460980811367,1.3889301530593605,0.0,0.0,0.0,0.0,0.0,0.0
2.4484355848704986,-0.1952885620695279,1.1413564358220558,2.1496840499762992,3.044460980811367,1.3889301530593605,0.0,0.0,0.0,0.0,0.0,0.0
2.3985440120252424,-0.2024422402971842,1.1574929880858693,2.0732137157617094,3.035139078115059,1.4159431768887434,-0.21432792538069184,-0.03073130242115353,0.06932060009868189,-0.3285069431708517,-0.04004572218432914,0.1160445547300741
2.3486524391799857,-0.20959591852484044,1.173629540349683,1.99674338154712,3.025817175418751,1.4429562007181265,-0.34679671568312276,-0.04972527368699563,0.11216530184158498,-0.5315458952369305,-0.06479661904073761,0.18776774133290586
2.2987608663347294,-0.21674959675249672,1.1897660926134965,1.9202730473325305,3.0164952727224428,1.4699692245475093,-0.42486957432909733,-0.060919711489124326,0.1374165956389078,-0.6512105450619305,-0.07938400424460307,0.23003908839131443
2.2488692934894727,-0.223903274980153,1.2059026448773102,1.8438027131179409,3.0071733700261345,1.4969822483768922,-0.4889663175079233,-0.07011019096276622,0.15814756055463303,-0.7494535767689893,-0.09136004687040643,0.2647432829502977
2.1989777206442165,-0.23105695320780925,1.2220391971411237,1.7673323789033513,2.9978514673298267,1.523995272206275,-0.5432803692287391,-0.07789798411284636,0.17571448587428104,-0.8327023791373106,-0.10150825981117885,0.29415078986445087
2.1490861477989602,-0.23821063143546553,1.2381757494049372,1.6908620446887617,2.9885295646335184,1.5510082960356582,-0.5911046438860325,-0.08475524382342775,0.19118240687729238,-0.9060041024154346,-0.11044390183352269,0.32004450692458913
2.0991945749537035,-0.24536430966312178,1.254312301668751,1.614391710474172,2.97920766193721,1.578021319865041,-0.6335247015631764,-0.09083762258430825,0.20490242889111634,-0.9710226176271033,-0.11836980249142458,0.3430121939211592
2.0493030021084473,-0.25251798789077806,1.2704488539325645,1.5379213762595825,2.9698857592409023,1.6050343436944239,-0.6524304275335281,-0.09354841065009294,0.21101715363936455,-1.0,-0.12190220942606467,0.35324840811574776
1.9994114292631906,-0.25967166611843434,1.2865854061963782,1.4614510420449929,2.960563856544594,1.632047367523807,-0.6524304275335281,-0.09354841065009294,0.21101715363936455,-1.0,-0.12190220942606758,0.35324840811574776
1.9495198564179343,-0.2668253443460906,1.3027219584601917,1.3849807078304033,2.9512419538482857,1.6590603913531898,-0.6524304275335266,-0.09354841065009256,0.2110171536393631,-1.0,-0.12190220942606467,0.3532484081157463
1.8996282835726779,-0.27397902257374684,1.3188585107240052,1.3085103736158137,2.941920051151978,1.6860734151825727,-0.6524304275335281,-0.09354841065009256,0.21101715363936455,-1.0,-0.12190220942606467,0.3532484081157463
1.8497367107274214,-0.2811327008014031,1.334995062987819,1.232040039401224,2.9325981484556696,1.7130864390119556,-0.6524304275335281,-0.09354841065009294,0.21101715363936455,-1.0,-0.12190220942606758,0.35324840811574776
1.799845137882165,-0.2882863790290594,1.3511316152516324,1.1555697051866345,2.9232762457593613,1.7400994628413387,-0.6524304275335281,-0.09354841065009294,0.21101715363936455,-1.0,-0.12190220942606758,0.35324840811574776
1.7499535650369085,-0.2954400572567157,1.367268167515446,1.079099370972045,2.913954343063053,1.7671124866707215,-0.6524304275335266,-0.09354841065009294,0.21101715363936455,-1.0,-0.12190220942606467,0.3532484081157463
1.7000619921916522,-0.30259373548437196,1.3834047197792596,1.0026290367574553,2.904632440366745,1.7941255105001044,-0.6524304275335266,-0.09354841065009256,0.2110171536393631,-1.0,-0.12190220942606467,0.3532484081157463
1.6501704193463957,-0.3097474137120282,1.399541272043073,0.9261587025428657,2.895310537670437,1.8211385343294872,-0.6524304275335281,-0.09354841065009256,0.21101715363936455,-1.0,-0.12190220942606758,0.35324840811574776
1.6002788465011393,-0.31690109193968446,1.4156778243068868,0.8496883683282761,2.8859886349741286,1.8481515581588703,-0.6524304275335281,-0.09354841065009294,0.21101715363936455,-1.0,-0.12190220942606467,0.35324840811574776
1.5503872736558828,-0.32405477016734074,1.4318143765707003,0.7732180341136865,2.8766667322778208,1.8751645819882532,-0.6524304275335281,-0.09354841065009294,0.2110171536393631,-1.0,-0.12190220942606467,0.3532484081157463
1.5004957008106263,-0.331208448394997,1.4479509288345138,0.6967476998990969,2.8673448295815125,1.902177605817636,-0.6524304275335266,-0.09354841065009294,0.21101715363936455,-1.0,-0.12190220942606758,0.35324840811574776
1.45060412796537,-0.3383621266226533,1.4640874810983275,0.6202773656845073,2.858022926885204,1.9291906296470192,-0.6524304275335266,-0.09354841065009256,0.21101715363936455,-1.0,-0.12190220942606467,0.35324840811574776
1.4007125551201136,-0.3455158048503095,1.480224033362141,0.5438070314699177,2.8487010241888964,1.956203653476402,-0.6524304275335281,-0.09354841065009292,0.2110171536393631,-1.0,-0.12190220942606467,0.3532484081157463
1.3508209822748571,-0.35266948307796586,1.4963605856259545,0.4673366972553281,2.839379121492588,1.9832166773057849,-0.6524304275335281,-0.09354841065009292,0.21101715363936455,-1.0,-0.12190220942606758,0.35324840811574776
1.3009294094296007,-0.3598231613056221,1.5124971378897683,0.3908663630407385,2.83005721879628,2.010229701135168,-0.6524304275335266,-0.09354841065009256,0.21101715363936455,-1.0,-0.12190220942606467,0.3532484081157463
1.2510378365843444,-0.36697683953327837,1.5286336901535817,0.3143960288261489,2.820735316099972,2.0372427249645506,-0.6524304275335281,-0.09354841065009294,0.21101715363936455,-1.0,-0.12190220942606467,0.3532484081157463
1.2011462637390877,-0.37413051776093464,1.5447702424173955,0.23792569461155932,2.8114134134036637,2.0642557487939337,-0.6524304275335295,-0.09354841065009294,0.21101715363936455,-1.0,-0.12190220942606758,0.3532484081157492
1.1512546908938313,-0.3812841959885909,1.560906794681209,0.16145536039696973,2.8020915107073554,2.091268772623317,-0.6524304275335258,-0.0935484106500928,0.21101715363936424,-1.0,-0.1219022094260645,0.3532484081157487
1.101363118048575,-0.3884378742162472,1.5770433469450227,0.08498502618237991,2.7927696080110476,2.1182817964527,-0.6524304275335266,-0.09354841065009256,0.21101715363936455,-1.0,-0.12190220942606467,0.3532484081157463
1.0514715452033185,-0.3955915524439034,1.5931798992088362,0.008514691967790533,2.7834477053147393,2.1452948202820825,-0.6524304275335281,-0.09354841065009292,0.2110171536393631,-1.0,-0.12190220942606758,0.3532484081157463
1.001579972358062,-0.40274523067155976,1.6093164514726497,-0.06795564224679929,2.774125802618431,2.1723078441114656,-0.6524304275335266,-0.09354841065009292,0.21101715363936455,-1.0,-0.12190220942606467,0.3532484081157463
0.9516883995128058,-0.409898908899216,1.6254530037364634,-0.14442597646138866,2.764803899922123,2.1993208679408482,-0.6524304275335281,-0.09354841065009256,0.211017153639366,-1.0,-0.12190220942606467,0.3532484081157463
0.9017968266675491,-0.41705258712687227,1.6415895560002771,-0.22089631067597848,2.755481997225815,2.2263338917702313,-0.6524304275335281,-0.09354841065009292,0.21101715363936308,-1.0,-0.12190220942606758,0.3532484081157492
0.8519052538222929,-0.42420626535452854,1.6577261082640904,-0.29736664489056785,2.7461600945295066,2.2533469155996144,-0.6524304275335266,-0.09354841065009256,0.21101715363936308,-1.0,-0.12190220942606467,0.3532484081157463
0.8020136809770364,-0.43135994358218477,1.6738626605279041,-0.3738369791051577,2.7368381918331988,2.280359939428997,-0.6524304275335266,-0.09354841065009256,0.21101715363936455,-1.0,-0.12190220942606467,0.3532484081157463
0.7521221081317802,-0.43851362180984105,1.6899992127917176,-0.45030731331974705,2.7275162891368905,2.30737296325838,-0.65243042753353,-0.0935484106500932,0.21101715363936516,-1.0,-0.12190220942606793,0.3532484081157473
0.7022305352865235,-0.4456673000374973,1.7061357650555313,-0.5267776475343364,2.718194386440582,2.334385987087763,-0.6524304275335295,-0.09354841065009328,0.21101715363936455,-1.0,-0.12190220942606467,0.3532484081157463
0.652338962441267,-0.45282097826515366,1.7222723173193448,-0.6032479817489262,2.7088724837442744,2.361399010917146,-0.6524304275335266,-0.09354841065009292,0.21101715363936455,-1.0,-0.12190220942606467,0.3532484081157492
0.6024473895960107,-0.4599746564928099,1.7384088695831585,-0.6797183159635156,2.699550581047966,2.388412034746529,-0.6524304275335281,-0.0935484106500922,0.21101715363936455,-1.0,-0.12190220942606758,0.3532484081157492
0.552555816750754,-0.4671283347204661,1.754545421846972,-0.7561886501781054,2.690228678351658,2.415425058575912,-0.6524304275335281,-0.09354841065009294,0.2110171536393631,-1.0,-0.12190220942606467,0.3532484081157463
0.5026642439054978,-0.47428201294812244,1.7706819741107855,-0.8326589843926948,2.68090677565535,2.4424380824052947,-0.6524304275335266,-0.09354841065009294,0.21101715363936455,-1.0,-0.12190220942606467,0.3532484081157463
0.4527726710602413,-0.48143569117577867,1.7868185263745993,-0.9091293186072846,2.6715848729590417,2.469451106234678,-0.6524304275335281,-0.0935484106500922,0.21101715363936455,-1.0,-0.12190220942606758,0.3532484081157463
0.40288109821498486,-0.4885893694034349,1.8029550786384128,-0.985599652821874,2.6622629702627334,2.4964641300640604,-0.6524304275335266,-0.09354841065009292,0.2110171536393631,-1.0,-0.12190220942606467,0.3532484081157463
0.3529895253697286,-0.4957430476310912,1.8190916309022263,-1.0620699870364638,2.6529410675664256,2.5234771538934435,-0.6524304275335262,-0.09354841065009338,0.21101715363936394,-1.0,-0.12190220942606432,0.3532484081157482
0.3030979525244719,-0.5028967258587476,1.83522818316604,-1.1385403212510536,2.6436191648701173,2.5504901777228266,-0.6524304275335281,-0.09354841065009292,0.21101715363936455,-1.0,-0.12190220942606758,0.3532484081157463
0.25320637967921567,-0.5100504040864038,1.8513647354298535,-1.215010655465643,2.634297262173809,2.5775032015522092,-0.6524304275335281,-0.0935484106500922,0.21101715363936455,-1.0,-0.12190220942606758,0.3532484081157463
0.20331480683395897,-0.51720408231406,1.8675012876936672,-1.2914809896802328,2.6249753594775007,2.6045162253815923,-0.6524304275335281,-0.09354841065009294,0.21101715363936455,-1.0,-0.12190220942606467,0.3532484081157463
0.15342323398870272,-0.5243577605417163,1.8836378399574807,-1.3679513238948222,2.615653456781193,2.631529249210975,-0.6524304275335252,-0.09354841065009294,0.21101715363936455,-1.0,-0.12190220942606467,0.3532484081157463
0.10353166114344647,-0.5315114387693726,1.8997743922212944,-1.444421658109412,2.6063315540848846,2.658542273040358,-0.6524304275335252,-0.0935484106500922,0.21101715363936308,-1.0,-0.12190220942606467,0.3532484081157492
0.053640088298190225,-0.5386651169970288,1.9159109444851077,-1.5208919923240014,2.5970096513885768,2.685555296869741,-0.6524304275335281,-0.09354841065009292,0.21101715363936308,-1.0,-0.12190220942606467,0.3532484081157492
0.003748515452933532,-0.5458187952246851,1.9320474967489214,-1.5973623265385912,2.5876877486922685,2.7125683206991242,-0.6365977964411434,-0.09127825675690104,0.20589636741183212,-0.9757328438033743,-0.1189439894692114,0.3446760738197949
-0.04614305739232316,-0.5529724734523414,1.9481840490127351,-1.6738326607531806,2.57836584599596,2.7395813445285073,-0.5970156903248944,-0.08560279626166242,0.19309423094606587,-0.9150641434395889,-0.11154834085185822,0.3232449519938322
-0.09603463023757941,-0.5601261516799977,1.9643206012765486,-1.75030299496777,2.569043943299652,2.7665943683578895,-0.5487131729210288,-0.078676963953975,0.17747163073302386,-0.8410294029286836,-0.10252334240929065,0.29709229776309143
-0.1459262030828361,-0.5672798299076539,1.9804571535403621,-1.8267733291823598,2.559722040603344,2.7936073921872726,-0.4938559806830015,-0.07081129287239327,0.15972903616017892,-0.7569481125366793,-0.09227364733911025,0.26739071577980217
-0.19581777592809235,-0.5744335081353101,1.9965937058041758,-1.9032436633969496,2.550400137907036,2.8206204160166557,-0.428939662599238,-0.06150329906077823,0.13873299414759463,-0.6574488933951477,-0.08014447268959143,0.23224277500929616
-0.2457093487733486,-0.5815871863629665,2.0127302580679896,-1.9797139976115394,2.5410782352107275,2.847633439846039,-0.35048012630706593,-0.05025341767768046,0.11335663626246392,-0.5371915709572814,-0.06548483938475155,0.18976206729385728
-0.29560092161860485,-0.5887408645906227,2.028866810331803,-2.0561843318261284,2.5317563325144197,2.8746464636754214,-0.21639487884351183,-0.031027671509985852,0.06998911986419572,-0.33167502573658125,-0.04043191844873586,0.11716367485319654
-0.34549249446386143,-0.595894542818279,2.0450033625956165,-2.1326546660407186,2.5224344298181114,2.9016594875048045,0.0,0.0,0.0,0.0,0.0,0.0
-0.34549249446386143,-0.595894542818279,2.0450033625956165,-2.1326546660407186,2.5224344298181114,2.9016594875048045,0.0,0.0,0.0,0.0,0.0,0.0
-0.3995323073279186,-0.56635465070161,2.049124242865109,-2.0879363120541825,2.475539074196675,2.905172079477491,-0.2801258478104393,0.1531257583039228,0.021361381878223222,0.23180625837247537,-0.2430911684478505,0.01820820155014863
-0.4535721201919758,-0.5368147585849409,2.053245123134601,-2.043217958067646,2.428643718575239,2.908684671450178,-0.453403058830103,0.24784463034507004,0.03457487397228114,0.37519446143064744,-0.3934598688780198,0.029471233530076524
-0.5076119330560329,-0.5072748664682718,2.0573660034040935,-1.9984996040811098,2.3817483629538025,2.912197263422865,-0.5521945214344792,0.30184720719933256,0.04210835285506177,0.4569451441486549,-0.4791903798782814,0.035892686161434845
-0.5616517459200902,-0.4777349743516027,2.0614868836735862,-1.9537812500945737,2.334853007332366,2.9157098553955514,-0.6338555982945213,0.3464857666748241,0.048335530607593616,0.5245203030622415,-0.5500552670201841,0.04120066240815607
-0.6156915587841474,-0.44819508223493365,2.0656077639430785,-1.9090628961080374,2.28795765171093,2.9192224473682384,-0.7031151425921616,0.384345251343076,0.05361701243448344,0.5818330999558843,-0.6101581946188985,0.045702538089032754
-0.6697313716482045,-0.4186551901182646,2.069728644212571,-1.864344542121501,2.2410622960894937,2.922735039340925,-0.7650094675109218,0.41817867125764246,0.0583368493257194,0.6330511220914798,-0.6638696385374003,0.04972567394650252
-0.7237711845122617,-0.3891152980015955,2.073849524482063,-1.819626188134965,2.1941669404680573,2.9262476313136117,-0.8283956317631687,0.45282757832197823,0.06317044847757014,0.685503652562139,-0.7188756897531094,0.05384577947484926
-0.777810997376319,-0.3595754058849264,2.0779704047515555,-1.7749078341484286,2.1472715848466213,2.9297602232862987,-0.8833182147606811,0.4828500208607168,0.06735864559796656,0.7309525055127635,-0.7665371068604461,0.0574157515737829
-0.8318508102403761,-0.33003551376825735,2.082091285021048,-1.7301894801618922,2.100376229225185,2.9332728152589853,-0.9283763211498659,0.5074802246156085,0.07079461348458706,0.7682384294396889,-0.805638203084907,0.06034453193808706
-0.8858906231044332,-0.3004956216515883,2.08621216529054,-1.685471126175356,2.053480873603749,2.936785407231672,-0.9757328438033743,0.5333668162980094,0.0744058502652459,0.8074263102141501,-0.8467338481867415,0.06342270953550987
-0.9399304359684905,-0.2709557295349192,2.0903330455600324,-1.64075277218882,2.0065855179823124,2.9402979992043585,-1.0,0.5466320209320445,0.07625637564399121,0.8275075655615229,-0.8677927094123459,0.0650000765458445
-0.9939702488325476,-0.24141583741825012,2.094453925829525,-1.5960344182022836,1.9596901623608762,2.9438105911770456,-0.9804901722414081,0.5359673243563294,0.07476862688968255,0.8113630354884881,-0.8508622231215472,0.06373193624813987
-1.0480100616966048,-0.21187594530158105,2.0985748060990175,-1.5513160642157473,1.91279480673944,2.947323183149732,-0.9376600843613646,0.5125550268617631,0.07150255961943272,0.7759208137340836,-0.8136945851157557,0.06094797725746774
-1.1020498745606622,-0.18233605318491197,2.10269568636851,-1.5065977102292112,1.8658994511180036,2.950835775122419,-0.8835805432231143,0.4829934179982847,0.06737864981574004,0.7311695843000863,-0.7667647535876194,0.057432802943921224
-1.156089687424719,-0.15279616106824295,2.106816566638002,-1.461879356242675,1.8190040954965674,2.954348367095106,-0.8281087343956268,0.45267075103415966,0.06314857072413974,0.6852662428199614,-0.7186267223092088,0.053827131123998326
-1.2101295002887764,-0.12325626895157382,2.1109374469074944,-1.4171610022561385,1.7721087398751312,2.9578609590677925,-0.772659562186031,0.4223604579702188,0.05892021781897652,0.6393816333123956,-0.6705083349227718,0.05022293068596748
-1.2641693131528335,-0.09371637683490475,2.1150583271769867,-1.3724426482696024,1.7252133842536947,2.961373551040479,-0.7101406047826222,0.38818559393822955,0.05415274871835188,0.5876467230700559,-0.6162548394880343,0.04615919366918267
-1.3182091260168907,-0.06417648471823567,2.119179207446479,-1.327724294283066,1.6783180286322585,2.964886143013166,-0.6401884650420056,0.3499475144232947,0.0488184520731931,0.5297607982074789,-0.5555508826133309,0.041612299231497174
-1.372248938880948,-0.034636592601566596,2.123300087715972,-1.2830059402965297,1.6314226730108223,2.9683987349858527,-0.5575642528711457,0.30478247434642014,0.042517829112603614,0.4613886375375317,-0.4838501936705222,0.036241719115848815
-1.426288751745005,-0.005096700484897521,2.127420967985464,-1.2382875863099936,1.584527317389386,2.9719113269585393,-0.4525036612049087,0.24735299080358883,0.034506289169121046,0.37445020309134985,-0.3926793781760146,0.029412772615593753
-1.4803285646090623,0.024443191631771555,2.1315418482549564,-1.1935692323234575,1.5376319617679497,2.9754239189312264,-0.27683700903722147,0.15132797371879864,0.021110586953300148,0.22908471940572356,-0.24023713813801917,0.01799442677814246
-1.5343683774731196,0.053983083748440665,2.1356627285244487,-1.1488508783369211,1.4907366061465135,2.978936510903913,0.0,0.0,0.0,0.0,0.0,0.0
-1.5343683774731196,0.053983083748440665,2.1356627285244487,-1.1488508783369211,1.4907366061465135,2.978936510903913,0.0,0.0,0.0,0.0,0.0,0.0
-1.4579388992184095,0.06713998437433227,2.1059961419060036,-1.1634489659712177,1.5114512443681607,2.9474222685680913,0.32600894359650495,0.056120588181390305,-0.126542438656481,-0.062267952586643416,0.08835801941650455,-0.13442359004344404
-1.3815094209636993,0.08029688500022386,2.0763295552875585,-1.178047053605514,1.532165882589808,2.9159080262322696,0.5318729292766267,0.09155890418057636,-0.2064498500670947,-0.10158812815671273,0.14415321890770805,-0.2193076907999694
-1.3050799427089892,0.09345378562611548,2.0466629686691133,-1.1926451412398107,1.5528805208114553,2.884393783896448,0.6587479758707379,0.11339972290736387,-0.25569720390823475,-0.1258213571552649,0.178540090957167,-0.27162220420552236
-1.2286504644542788,0.10661068625200706,2.0169963820506682,-1.207243228874107,1.5735951590331025,2.8528795415606263,0.7581847738498523,0.13051720296143507,-0.2942942275654835,-0.14481386010203862,0.20549039001837208,-0.31262307743101553
-1.1522209861995687,0.11976758687789868,1.987329795432223,-1.2218413165084037,1.5943097972547497,2.8213652992248046,0.8410294029286837,0.14477843536899604,-0.3264508956543263,-0.16063724635221288,0.22794372293601253,-0.34678248524891053
-1.0757915079448586,0.13292448750379027,1.957663208813778,-1.2364394041427,1.615024435476397,2.789851056888983,0.915064143439589,0.1575230954924035,-0.35518794963265177,-0.1747779372824691,0.24800931674271115,-0.37730930300311305
-0.9993620296901483,0.14608138812968188,1.9279966221953329,-1.2510374917769966,1.6357390736980442,2.7583368145531613,0.9757328438033743,0.16796686771243857,-0.3787368903747641,-0.1863657045261234,0.26445232025537585,-0.40232488820823464
-0.9229325514354382,0.15923828875557347,1.8983300355768877,-1.2656355794112932,1.6564537119196914,2.7268225722173396,1.0,0.17214432083449122,-0.3881563409287938,-0.19100074954910262,0.27102943386075784,-0.41233098871611773
-0.8465030731807279,0.17239518938146509,1.8686634489584426,-1.2802336670455896,1.6771683501413386,2.695308329881518,1.0,0.17214432083449122,-0.3881563409287938,-0.19100074954910262,0.2710294338607593,-0.41233098871611773
-0.7700735949260178,0.18555209000735667,1.8389968623399975,-1.2948317546798862,1.697882988362986,2.6637940875456962,1.0,0.17214432083449122,-0.38815634092879525,-0.19100074954910262,0.2710294338607593,-0.41233098871611773
-0.6936441166713075,0.1987089906332483,1.8093302757215521,-1.3094298423141826,1.7185976265846332,2.6322798452098746,1.0,0.17214432083449133,-0.3881563409287941,-0.19100074954910273,0.27102943386075806,-0.41233098871611806
-0.6172146384165975,0.21186589125913988,1.7796636891031072,-1.3240279299484792,1.7393122648062804,2.600765602874053,1.0,0.17214432083449116,-0.3881563409287941,-0.1910007495491042,0.27102943386075806,-0.41233098871611806
-0.5407851601618873,0.22502279188503146,1.749997102484662,-1.3386260175827758,1.7600269030279276,2.569251360538231,1.0,0.1721443208344911,-0.388156340928795,-0.19100074954910246,0.2710294338607577,-0.41233098871611745
-0.464355681907177,0.23817969251092308,1.7203305158662168,-1.3532241052170721,1.7807415412495748,2.5377371182024095,1.0,0.17214432083449122,-0.3881563409287938,-0.19100074954910262,0.2710294338607593,-0.41233098871611773
-0.3879262036524669,0.25133659313681467,1.6906639292477716,-1.3678221928513687,1.8014561794712223,2.506222875866588,1.0,0.17214432083449152,-0.3881563409287941,-0.19100074954910273,0.2710294338607595,-0.412330988716118
-0.31149672539775675,0.2644934937627063,1.6609973426293265,-1.3824202804856651,1.8221708176928695,2.474708633530766,1.0,0.17214432083449152,-0.38815634092879264,-0.19100074954910273,0.27102943386075806,-0.412330988716118
-0.2350672471430466,0.2776503943885979,1.6313307560108816,-1.3970183681199617,1.8428854559145167,2.4431943911949445,1.0,0.1721443208344909,-0.38815634092879353,-0.19100074954910393,0.2710294338607577,-0.4123309887161174
-0.15863776888833625,0.2908072950144895,1.6016641693924363,-1.4116164557542583,1.863600094136164,2.411680148859123,1.0,0.17214432083449127,-0.388156340928795,-0.19100074954910246,0.2710294338607577,-0.41233098871612034
-0.08220829063362611,0.30396419564038113,1.5719975827739912,-1.4262145433885547,1.884314732357811,2.3801659065233007,1.0,0.17214432083449152,-0.3881563409287941,-0.19100074954910273,0.27102943386075806,-0.41233098871611806
-0.005778812378915976,0.3171210962662727,1.542330996155546,-1.4408126310228513,1.9050293705794583,2.3486516641874795,1.0,0.17214432083449116,-0.3881563409287941,-0.19100074954910273,0.2710294338607595,-0.41233098871611806
0.07065066587579416,0.3302779968921643,1.512664409537101,-1.4554107186571477,1.9257440088011057,2.3171374218516574,1.0,0.17214432083449127,-0.388156340928795,-0.19100074954910246,0.2710294338607591,-0.41233098871612034
0.14708014413050452,0.34343489751805595,1.4829978229186556,-1.4700088062914443,1.946458647022753,2.2856231795158357,1.0,0.17214432083449127,-0.388156340928795,-0.19100074954910393,0.2710294338607577,-0.4123309887161174
0.22350962238521466,0.35659179814394754,1.4533312363002104,-1.4846068939257409,1.9671732852444002,2.254108937180014,1.0,0.1721443208344914,-0.3881563409287932,-0.191000749549103,0.27102943386075845,-0.41233098871611573
0.29993910063992457,0.3697486987698391,1.4236646496817655,-1.4992049815600372,1.9878879234660474,2.222594694844193,1.0,0.17214432083449116,-0.38815634092879264,-0.1910007495491013,0.2710294338607566,-0.41233098871611806
0.37636857889463493,0.3829055993957307,1.3939980630633204,-1.5138030691943336,2.0086025616876944,2.1910804525083707,1.0,0.1721443208344909,-0.38815634092879503,-0.19100074954910246,0.2710294338607577,-0.41233098871612034
0.45279805714934507,0.3960625000216223,1.364331476444875,-1.5284011568286302,2.029317199909342,2.159566210172549,1.0,0.17214432083449127,-0.38815634092879503,-0.19100074954910393,0.27102943386076056,-0.4123309887161174
0.5292275354040554,0.40921940064751394,1.33466488982643,-1.5429992444629268,2.050031838130989,2.1280519678367273,1.0,0.17214432083449127,-0.38815634092879353,-0.19100074954910393,0.2710294338607577,-0.4123309887161174
0.6056570136587656,0.42237630127340553,1.3049983032079848,-1.5575973320972234,2.070746476352636,2.0965377255009057,1.0,0.17214432083449116,-0.38815634092879264,-0.19100074954910273,0.27102943386075806,-0.412330988716118
0.6820864919134757,0.4355332018992971,1.27533171658954,-1.5721954197315198,2.0914611145742836,2.065023483165084,1.0,0.17214432083449116,-0.38815634092879414,-0.1910007495491013,0.27102943386076095,-0.412330988716118
0.7585159701681858,0.4486901025251887,1.2456651299710946,-1.5867935073658161,2.112175752795931,2.0335092408292623,1.0,0.17214432083449152,-0.3881563409287956,-0.19100074954910273,0.27102943386075806,-0.412330988716118
0.834945448422896,0.46184700315108035,1.2159985433526495,-1.6013915950001127,2.132890391017578,2.0019949984934406,1.0,0.17214432083449152,-0.3881563409287941,-0.1910007495491042,0.27102943386075806,-0.412330988716118
0.9113749266776061,0.47500390377697194,1.1863319567342043,-1.6159896826344093,2.1536050292392255,1.970480756157619,1.0,0.17214432083449102,-0.388156340928793,-0.19100074954910365,0.27102943386076017,-0.41233098871611684
0.9878044049323167,0.4881608044028636,1.1566653701157592,-1.630587770268706,2.174319667460873,1.9389665138217973,1.0,0.1721443208344908,-0.3881563409287927,-0.19100074954910273,0.27102943386075806,-0.41233098871611656
1.0642338831870264,0.5013177050287551,1.1269987834973143,-1.6451858579030023,2.19503430568252,1.9074522714859758,0.9617416112411561,0.1655583564853778,-0.373306104738331,-0.18369336861962177,0.2606602844150218,-0.3965558694524994
1.1406633614417365,0.5144746056546466,1.097332196878869,-1.6597839455372987,2.215748943904167,1.875938029150154,0.8881522423443139,0.15289036455599253,-0.3447419245760729,-0.1696377440014798,0.24071539942474143,-0.3662126922162685
1.217092839696447,0.5276315062805383,1.0676656102604238,-1.6743820331715953,2.2364635821258143,1.8444237868143323,0.8124346127832487,0.13985600464000536,-0.31535164654184655,-0.15517562000123625,0.22019369315152978,-0.3349919671561124
1.2935223179511572,0.5407884069064299,1.0379990236419787,-1.6889801208058919,2.2571782203474617,1.8129095444785106,0.7252088168046122,0.12484057923201487,-0.2814944007401784,-0.1385154275892999,0.19655293504938437,-0.29902606845869184
1.3699517962058674,0.5539453075323215,1.0083324370235336,-1.7035782084401885,2.2778928585691087,1.781395302142689,0.6239286575966834,0.10740577501115713,-0.24218186473334372,-0.11917084126613159,0.16910303083793216,-0.2572651202751614
1.446381274460577,0.5671022081582131,0.9786658504050885,-1.7181762960744846,2.298607496790756,1.7498810598068673,0.49666159114100883,0.08549747229154676,-0.19278234589716692,-0.09486273618018184,0.13460990986733123,-0.2047889649324927
1.5228107527152877,0.5802591087841047,0.9489992637866433,-1.7327743837087812,2.319322135012403,1.7183668174710456,0.3083150883020796,0.053074691478787454,-0.11967445652847265,-0.05888841296299522,0.0835624638332416,-0.12712786519569322
1.5992402309699978,0.5934160094099963,0.9193326771681983,-1.7473724713430778,2.3400367732340506,1.686852575135224,0.0,0.0,0.0,0.0,0.0,0.0
1.5992402309699978,0.5934160094099963,0.9193326771681983,-1.7473724713430778,2.3400367732340506,1.686852575135224,0.0,0.0,0.0,0.0,0.0,0.0
1.5623857225697066,0.5986149274916086,0.8790233707780872,-1.6898392944432,2.3273467543437363,1.6514712184051459,-0.18625635594870585,0.02627443910632339,-0.20371631165164802,0.2907627951276348,-0.06413317604886322,-0.17881130041103718
1.5255312141694155,0.6038138455732208,0.838714064387976,-1.6323061175433218,2.314656735453422,1.6160898616750679,-0.3004402706140007,0.04238190721131066,-0.32860400113251675,0.4690140769031643,-0.10344983219129712,-0.288431045537732
1.4886767057691241,0.6090127636548331,0.7984047579978649,-1.5747729406434439,2.3019667165631073,1.5807085049449898,-0.36942714478598726,0.05211360960253931,-0.4040578104111853,0.5767087446056152,-0.12720390664313078,-0.35466037027220126
1.451822197368833,0.6142116817364455,0.7580954516077537,-1.5172397637435657,2.289276697672793,1.5453271482149116,-0.4245074258992133,0.059883564537484515,-0.4643014013263468,0.6626939793715539,-0.1461695593719317,-0.4075389775159401
1.4149676889685419,0.6194105998180577,0.7177861452176426,-1.4597065868436878,2.2765866787824787,1.5099457914848335,-0.46868840880907536,0.06611599907218779,-0.512623977153076,0.7316644368731253,-0.16138228454599407,-0.4499539542683343
1.3781131805682507,0.62460951789967,0.6774768388275314,-1.4021734099438097,2.2638966598921644,1.4745644347547555,-0.5099464487846322,0.07193610573895122,-0.557749608903925,0.79607191957983,-0.17558856023364156,-0.4895628242199793
1.3412586721679594,0.6298084359812823,0.6371675324374203,-1.3446402330439318,2.2512066410018496,1.4391830780246775,-0.5465422664515115,0.0770985313535659,-0.597775974495582,0.8532012571565488,-0.18818950480343877,-0.5246958306255288
1.3044041637676682,0.6350073540628945,0.5968582260473092,-1.2871070561440536,2.2385166221115353,1.4038017212945992,-0.5772078121289224,0.08142439721977697,-0.6313161553305822,0.9010729108773707,-0.19874849394260657,-0.5541356103982109
1.267549655367377,0.6402062721445069,0.556548919657198,-1.2295738792441757,2.225826603221221,1.3684203645645212,-0.6066512115437313,0.08557785980132115,-0.6635196240429367,0.9470366852049783,-0.2088866645759189,-0.582402095646817
1.230695146967086,0.6454051902261192,0.5162396132670868,-1.1720407023442978,2.2131365843309068,1.3330390078344432,-0.6311587076680647,0.08903503424934062,-0.6903244903404451,0.9852950739638222,-0.21732526821687212,-0.6059299759679448
1.1938406385667948,0.6506041083077314,0.47593030687697563,-1.1145075254444197,2.200446565440592,1.2976576511043652,-0.6405783651479396,0.09036382765129874,-0.7006271609207193,1.0,-0.22056871485470486,-0.614973110065698
1.1569861301665036,0.6558030263893437,0.43562100048686453,-1.0569743485445415,2.1877565465502777,1.2622762943742871,-0.6405783651479429,0.09036382765129988,-0.7006271609207206,1.0,-0.22056871485470142,-0.6149731100656992
1.1201316217662123,0.6610019444709561,0.3953116940967534,-0.9994411716446636,2.1750665276599634,1.226894937644209,-0.6405783651479434,0.090363827651299,-0.7006271609207213,1.0,-0.22056871485470164,-0.6149731100656997
1.0832771133659211,0.6662008625525683,0.3550023877066423,-0.9419079947447856,2.162376508769649,1.191513580914131,-0.6405783651479409,0.09036382765129891,-0.7006271609207211,1.0,-0.22056871485470145,-0.614973110065701
1.04642260496563,0.6713997806341806,0.31469308131653106,-0.8843748178449076,2.149686489879335,1.1561322241840528,-0.6405783651479409,0.09036382765129987,-0.7006271609207211,1.0,-0.2205687148547053,-0.614973110065701
1.0095680965653389,0.6765986987157929,0.27438377492641997,-0.8268416409450295,2.13699647098902,1.1207508674539748,-0.6405783651479418,0.09036382765129891,-0.7006271609207211,1.0,-0.2205687148547053,-0.6149731100656991
0.9727135881650476,0.6817976167974051,0.23407446853630876,-0.7693084640451515,2.124306452098706,1.0853695107238968,-0.6405783651479424,0.090363827651299,-0.7006271609207217,1.0,-0.22056871485470164,-0.6149731100656997
0.9358590797647565,0.6869965348790175,0.19376516214619766,-0.7117752871452736,2.1116164332083915,1.0499881539938187,-0.6405783651479418,0.09036382765129988,-0.7006271609207211,1.0,-0.22056871485470142,-0.6149731100657011
0.8990045713644652,0.6921954529606298,0.15345585575608645,-0.6542421102453955,2.0989264143180772,1.0146067972637405,-0.6405783651479418,0.09036382765129891,-0.7006271609207211,1.0,-0.2205687148547053,-0.6149731100657001
0.8621500629641741,0.697394371042242,0.11314654936597535,-0.5967089333455176,2.0862363954277625,0.9792254405336626,-0.6405783651479429,0.09036382765129891,-0.7006271609207221,1.0,-0.2205687148547053,-0.6149731100656992
0.8252955545638827,0.7025932891238543,0.07283724297586402,-0.5391757564456394,2.073546376537448,0.9438440838035844,-0.6405783651479415,0.0903638276512997,-0.7006271609207206,1.0,-0.220568714854701,-0.614973110065699
0.7884410461635916,0.7077922072054667,0.032527936585752926,-0.4816425795457613,2.060856357647134,0.9084627270735064,-0.6405783651479409,0.09036382765129891,-0.7006271609207202,1.0,-0.22056871485470142,-0.6149731100656992
0.7515865377633004,0.7129911252870789,-0.007781369804358174,-0.42410940264588337,2.0481663387568196,0.8730813703434284,-0.6405783651479421,0.09036382765129908,-0.7006271609207215,1.0,-0.22056871485470572,-0.6149731100657003
0.7147320293630093,0.7181900433686912,-0.04809067619446927,-0.36657622574600546,2.035476319866505,0.8377000136133503,-0.6405783651479418,0.09036382765129988,-0.7006271609207221,1.0,-0.2205687148547053,-0.6149731100657011
0.677877520962718,0.7233889614503035,-0.0883999825845806,-0.3090430488461273,2.0227863009761906,0.8023186568832721,-0.6405783651479418,0.09036382765129988,-0.7006271609207211,1.0,-0.22056871485470142,-0.6149731100657011
0.6410230125624269,0.7285878795319158,-0.12870928897469158,-0.2515098719462494,2.0100962820858763,0.7669373001531941,-0.6405783651479409,0.09036382765129891,-0.7006271609207202,1.0,-0.22056871485470142,-0.6149731100656992
0.6041685041621357,0.733786797613528,-0.1690185953648028,-0.19397669504637127,1.997406263195562,0.731555943423116,-0.6405783651479419,0.09036382765129891,-0.7006271609207202,1.0,-0.22056871485470336,-0.6149731100656992
0.5673139957618445,0.7389857156951404,-0.20932790175491378,-0.13644351814649336,1.9847162443052475,0.696174586693038,-0.6405783651479419,0.09036382765129891,-0.700627160920722,1.0,-0.2205687148547053,-0.6149731100657011
0.5304594873615534,0.7441846337767526,-0.2496372081450252,-0.07891034124661522,1.972026225414933,0.6607932299629597,-0.6405783651479409,0.09036382765129891,-0.700627160920722,1.0,-0.22056871485470336,-0.6149731100657011
0.4936049789612622,0.7493835518583649,-0.2899465145351362,-0.02137716434673731,1.9593362065246187,0.6254118732328817,-0.6405783651479409,0.09036382765129988,-0.7006271609207202,1.0,-0.22056871485470142,-0.6149731100656992
0.45675047056097107,0.7545824699399772,-0.3302558209252474,0.036156012553140826,1.9466461876343044,0.5900305165028037,-0.6405783651479409,0.09036382765129988,-0.7006271609207202,1.0,-0.22056871485470336,-0.6149731100656992
0.4198959621606799,0.7597813880215896,-0.3705651273153584,0.09368918945301874,1.93395616874399,0.5546491597727257,-0.6405783651479429,0.09036382765129891,-0.700627160920722,1.0,-0.22056871485470336,-0.6149731100656992
0.38304145376038856,0.7649803061032018,-0.41087443370546983,0.15122236635289688,1.9212661498536756,0.5192678030426476,-0.6405783651479429,0.09036382765129891,-0.700627160920722,1.0,-0.22056871485470336,-0.6149731100656992
0.3461869453600974,0.7701792241848141,-0.4511837400955808,0.2087555432527748,1.908576130963361,0.4838864463125696,-0.6405783651479409,0.09036382765129891,-0.7006271609207202,1.0,-0.22056871485470336,-0.6149731100656992
0.3093324369598063,0.7753781422664263,-0.49149304648569203,0.2662887201526529,1.8958861120730468,0.4485050895824916,-0.6405783651479421,0.09036382765129908,-0.7006271609207215,1.0,-0.22056871485470186,-0.6149731100657003
0.27247792855951514,0.7805770603480386,-0.531802352875803,0.3238218970525306,1.8831960931827325,0.41312373285241355,-0.640578365147944,0.09036382765130005,-0.7006271609207215,1.0,-0.2205687148547038,-0.6149731100657023
0.23562342015922377,0.785775978429651,-0.5721116592659142,0.38135507395240875,1.870506074292418,0.3777423761223353,-0.6405783651479415,0.0903638276512997,-0.7006271609207207,1.0,-0.22056871485470486,-0.6149731100656999
0.19876891175893263,0.7909748965112633,-0.6124209656560254,0.4388882508522869,1.8578160554021035,0.34236101939225727,-0.6405783651479415,0.09036382765129874,-0.7006271609207207,1.0,-0.22056871485470292,-0.6149731100656999
0.16191440335864127,0.7961738145928755,-0.6527302720461367,0.496421427752165,1.8451260365117892,0.306979662662179,-0.6405783651479422,0.09036382765129908,-0.7006271609207215,1.0,-0.22056871485470186,-0.6149731100657003
0.12505989495835035,0.8013727326744878,-0.6930395784362476,0.5539546046520427,1.832436017621475,0.2715983059321012,-0.6405783651479422,0.09036382765129908,-0.7006271609207215,1.0,-0.2205687148547038,-0.6149731100657003
0.08820538655805898,0.8065716507561,-0.7333488848263588,0.6114877815519209,1.8197459987311604,0.23621694920202296,-0.6405783651479435,0.09036382765129874,-0.7006271609207226,1.0,-0.22056871485470486,-0.6149731100656999
0.05135087815776762,0.8117705688377124,-0.7736581912164703,0.669020958451799,1.8070559798408459,0.20083559247194493,-0.6405783651479396,0.0903638276512997,-0.7006271609207188,1.0,-0.22056871485470292,-0.614973110065698
0.014496369757476701,0.8169694869193247,-0.813967497606581,0.7265541353516771,1.7943659609505316,0.1654542357418669,-0.6405783651479396,0.0903638276512997,-0.7006271609207188,1.0,-0.220568714854701,-0.614973110065698
-0.022358138642814662,0.822168405000937,-0.8542768039966925,0.7840873122515553,1.7816759420602173,0.13007287901178888,-0.6405783651479422,0.09036382765129908,-0.7006271609207234,1.0,-0.22056871485470186,-0.6149731100657003
-0.05921264704310558,0.8273673230825492,-0.8945861103868035,0.841620489151433,1.768985923169903,0.09469152228171085,-0.6405783651479422,0.09036382765129908,-0.7006271609207215,1.0,-0.2205687148547038,-0.6149731100657003
-0.09606715544339695,0.8325662411641616,-0.9348954167769147,0.8991536660513111,1.7562959042795885,0.05931016555163282,-0.6405783651479415,0.0903638276512997,-0.7006271609207207,1.0,-0.22056871485470486,-0.6149731100656999
-0.1329216638436881,0.8377651592457739,-0.9752047231670259,0.9566868429511892,1.743605885389274,0.02392880882155457,-0.6405783651479421,0.09036382765129908,-0.7006271609207205,1.0,-0.2205687148547038,-0.6149731100657003
-0.16977617224397923,0.8429640773273861,-1.0155140295571368,1.014220019851067,1.7309158664989597,-0.011452547908523236,-0.6405783651479421,0.09036382765129908,-0.7006271609207205,1.0,-0.22056871485470186,-0.6149731100657003
-0.20663068064427037,0.8481629954089984,-1.055823335947248,1.071753196750945,1.7182258476086454,-0.04683390463860149,-0.6405783651479415,0.0903638276512997,-0.7006271609207246,1.0,-0.22056871485470292,-0.6149731100657019
-0.24348518904456173,0.8533619134906107,-1.0961326423373596,1.1292863736508232,1.7055358287183309,-0.08221526136867974,-0.6405783651479422,0.09036382765129908,-0.7006271609207234,1.0,-0.22056871485470572,-0.6149731100657003
-0.28033969744485265,0.858560831572223,-1.1364419487274704,1.1868195505507009,1.6928458098280164,-0.11759661809875754,-0.6405783651479422,0.09036382765129908,-0.7006271609207195,1.0,-0.2205687148547038,-0.6149731100657003
-0.317194205845144,0.8637597496538353,-1.1767512551175816,1.244352727450579,1.680155790937702,-0.1529779748288358,-0.6405783651479396,0.09036382765129874,-0.7006271609207207,1.0,-0.220568714854701,-0.614973110065698
-0.35404871424543494,0.8689586677354475,-1.2170605615076928,1.3018859043504571,1.6674657720473878,-0.1883593315589136,-0.6405783651479396,0.09036382765129874,-0.7006271609207207,1.0,-0.22056871485470292,-0.614973110065698
-0.3909032226457263,0.8741575858170598,-1.257369867897804,1.3594190812503353,1.6547757531570733,-0.22374068828899185,-0.6405783651479435,0.0903638276512997,-0.7006271609207207,1.0,-0.22056871485470486,-0.6149731100656999
-0.42775773104601766,0.8793565038986721,-1.2976791742879152,1.4169522581502134,1.6420857342667587,-0.2591220450190699,-0.640578365147944,0.09036382765130005,-0.7006271609207195,1.0,-0.2205687148547038,-0.6149731100657003
-0.4646122394463088,0.8845554219802845,-1.337988480678026,1.474485435050091,1.6293957153764445,-0.2945034017491479,-0.6405783651479421,0.09036382765129908,-0.7006271609207195,1.0,-0.22056871485470186,-0.6149731100657003
-0.5014667478466,0.8897543400618967,-1.3782977870681372,1.5320186119499692,1.6167056964861302,-0.32988475847922594,-0.6405783651479396,0.09036382765129874,-0.7006271609207246,1.0,-0.22056871485470292,-0.6149731100657019
-0.5383212562468911,0.894953258143509,-1.4186070934582489,1.5895517888498474,1.6040156775958156,-0.3652661152093044,-0.6405783651479421,0.09036382765129908,-0.7006271609207234,1.0,-0.2205687148547038,-0.6149731100657003
-0.5751757646471822,0.9001521762251212,-1.4589163998483596,1.647084965749725,1.5913256587055014,-0.400647471939382,-0.6405783651479421,0.09036382765129908,-0.7006271609207195,1.0,-0.2205687148547038,-0.6149731100657003
-0.6120302730474734,0.9053510943067336,-1.4992257062384708,1.7046181426496032,1.5786356398151868,-0.43602882866946047,-0.6405783651479435,0.0903638276512997,-0.7006271609207207,1.0,-0.22056871485470292,-0.6149731100657019
-0.648884781447765,0.9105500123883459,-1.539535012628582,1.7621513195494813,1.5659456209248726,-0.4714101853995385,-0.6405783651479395,0.0903638276512997,-0.7006271609207207,1.0,-0.220568714854701,-0.614973110065698
-0.6857392898480557,0.9157489304699582,-1.5798443190186933,1.8196844964493595,1.5532556020345583,-0.5067915421296165,-0.6405783651479395,0.0903638276512997,-0.7006271609207207,1.0,-0.22056871485470292,-0.614973110065698
-0.7225937982483472,0.9209478485515705,-1.6201536254088045,1.8772176733492376,1.5405655831442437,-0.5421728988596946,-0.6405783651479421,0.09036382765129908,-0.7006271609207195,1.0,-0.22056871485470572,-0.6149731100657003
-0.7594483066486379,0.9261467666331827,-1.6604629317989152,1.9347508502491153,1.5278755642539292,-0.5775542555897726,-0.6405783651479421,0.09036382765129812,-0.7006271609207195,1.0,-0.2205687148547038,-0.6149731100657003
-0.7963028150489295,0.931345684714795,-1.7007722381890265,1.9922840271489934,1.515185545363615,-0.6129356123198506,-0.6405783651479435,0.09036382765129874,-0.7006271609207246,1.0,-0.220568714854701,-0.614973110065698
-0.8331573234492207,0.9365446027964073,-1.741081544579138,2.0498172040488716,1.5024955264733006,-0.6483169690499286,-0.6311587076680658,0.08903503424934175,-0.6903244903404471,0.9852950739638222,-0.21732526821686865,-0.605929975967946
-0.8700118318495118,0.9417435208780196,-1.7813908509692489,2.1073503809487493,1.4898055075829864,-0.6836983257800067,-0.6066512115437314,0.08557785980132115,-0.6635196240429332,0.9470366852049783,-0.2088866645759225,-0.5824020956468172
-0.906866340249803,0.9469424389596319,-1.82170015735936,2.1648835578486274,1.4771154886926716,-0.7190796825100847,-0.5772078121289247,0.08142439721977766,-0.6313161553305819,0.9010729108773707,-0.1987484939426098,-0.5541356103982116
-0.9437208486500945,0.9521413570412443,-1.8620094637494713,2.2224167347485055,1.4644254698023573,-0.7544610392401632,-0.546542266451509,0.07709853135356581,-0.5977759744955826,0.8532012571565488,-0.18818950480343524,-0.5246958306255264
-0.9805753570503852,0.9573402751228565,-1.9023187701395825,2.2799499116483837,1.451735450912043,-0.7898423959702408,-0.5072826455774169,0.07156033367574861,-0.5548360967095349,0.7919134850273344,-0.1746713396685881,-0.48700549879022503
-1.0174298654506768,0.9625391932044687,-1.9426280765296937,2.337483088548262,1.4390454320217285,-0.8252237527003192,-0.46213242986562864,0.0651911733466196,-0.5054534307154925,0.7214299686173399,-0.15912488103559658,-0.44366003149520794
-1.0542843738509675,0.967738111286081,-1.9829373829198045,2.395016265448139,1.4263554131314142,-0.8606051094303968,-0.4158407333069687,0.05866098888035773,-0.45482227971399614,0.6491644987275341,-0.14318537921363073,-0.39921871072671444
-1.091138882251259,0.9729370293676933,-2.0232466893099157,2.452549442348017,1.4136653942410997,-0.8959864661604753,-0.3631508000498803,0.05122823075606071,-0.3971931115192654,0.5669108103050113,-0.12504278886621473,-0.34863490414314013
-1.1279933906515502,0.9781359474493057,-2.063555995700027,2.5100826192478953,1.4009753753507854,-0.9313678228905533,-0.2978984565812859,0.04202334367299829,-0.3258239135644374,0.4650460783396691,-0.10257461584759943,-0.2859908331204025
-1.1648478990518414,0.9833348655309179,-2.103865302090138,2.5676157961477735,1.3882853564604711,-0.9667491796206313,-0.18521636979609052,0.026127732419729374,-0.20257883560633178,0.2891392839240129,-0.06377508026912851,-0.17781288467691944
-1.2017024074521325,0.9885337836125302,-2.1441746084802493,2.625148973047651,1.3755953375701566,-1.0021305363507094,0.0,0.0,0.0,0.0,0.0,0.0
